name,domain,verdict,detail,final_url
ABN AMRO,abnamro.com,blocked,"http 503 — bot protection, domain probably fine",
Access Bank,accessbankplc.com,blocked,"http 403 — bot protection, domain probably fine",
Acerinox,acerinox.com,blocked,bot challenge at validate.perfdrive.com,"https://validate.perfdrive.com/?ssa=8143de0e-6e3f-413f-b80b-9e3d43a2bb04&ssb=77605226022&ssc=https%3A%2F%2Facerinox.com%2F&ssi=a45be84f-cs9v-4b1a-ac29-9b4e2c0363d4&ssk=botmanager_support@radware.com&ssm=70336122817209929108362281011206&ssn=b675865bfa2c79985de2aeebbce3b178839c6e4eec09-5123-4a96-88f852&sso=4e7dadd3-ae3d681e1f452519d02002575fba8dca38d0564f549d4ec6&ssp=60600124151786406017178643060595911&ssq=26812086005299547196360052366280003843815&ssr=MTM1LjIzMi4yMTYuNTQ=&sst=Mozilla/5.0%20(Windows%20NT%2010.0;%20Win64;%20x64)%20AppleWebKit/537.36%20(KHTML,%20like%20Gecko)%20Chrome/124.0.0.0%20Safari/537.36&ssu=&ssv=&ssw=&ssx=eyJfX3V6bWYiOiI3ZjkwMDA2ZTRlZWMwOS01MTIzLTRhOTYtOGRkMy1hZTNkNjgxZTFmNDUxLTE3ODY0NjAwNTI0ODgwLTAwNDNjNDU0MDJhYzFlODk0ZGQxMCIsInV6bXgiOiI3ZmMwMDAzNjUxZThmZC0zMDgzLTQ3NWQtOGYxYy1jOTEzMTliODNiNDkxLTE3ODY0NjAwNTI0ODgwLTAwMGM1ODM3ZjMwMWNlNzUxZGIxMCIsInJkIjoiYWNlcmlub3guY29tIn0="
Afreximbank,afreximbank.com,blocked,"http 403 — bot protection, domain probably fine",
Alcazar Energy,alcazarenergy.com,blocked,"http 403 — bot protection, domain probably fine",
Algebris Investments,algebris.com,blocked,"http 403 — bot protection, domain probably fine",
Alphadyne Asset Management,alphadyne.com,blocked,"http 401 — bot protection, domain probably fine",
Aquis Exchange,aquis.eu,blocked,"http 429 — bot protection, domain probably fine",
ArcelorMittal,arcelormittal.com,blocked,"http 403 — bot protection, domain probably fine",
Ares Management,aresmgmt.com,blocked,"http 403 — bot protection, domain probably fine",
Attijariwafa Bank,attijariwafabank.com,blocked,"http 403 — bot protection, domain probably fine",
Aviva Investors,avivainvestors.com,blocked,"http 403 — bot protection, domain probably fine",
BGC Group,bgcg.com,blocked,"http 403 — bot protection, domain probably fine",
BHP,bhp.com,blocked,"http 403 — bot protection, domain probably fine",
BMO Capital Markets,bmocm.com,blocked,"http 403 — bot protection, domain probably fine",
BNP Paribas,bnpparibas.com,blocked,"http 403 — bot protection, domain probably fine",
BTG Pactual,btgpactual.com,blocked,"http 403 — bot protection, domain probably fine",
Barry Callebaut,barry-callebaut.com,blocked,"http 403 — bot protection, domain probably fine",
Beazley,beazley.com,blocked,"http 403 — bot protection, domain probably fine",
Bharat Petroleum,bharatpetroleum.in,blocked,"http 403 — bot protection, domain probably fine",
Blommer Chocolate,blommer.com,blocked,"http 403 — bot protection, domain probably fine",
Bloomberg,bloomberg.com,blocked,"http 403 — bot protection, domain probably fine",
Bloomberg LP London,bloomberg.com/company,blocked,"http 403 — bot protection, domain probably fine",
Bloomberg Terminal Services,bloomberg.co.uk,blocked,"http 403 — bot protection, domain probably fine",
Blue Whale Capital,bluewhale.co.uk,blocked,"http 403 — bot protection, domain probably fine",
Boston Consulting Group,bcg.com,blocked,"http 403 — bot protection, domain probably fine",
Brooks Macdonald,brooksmacdonald.com,blocked,"http 403 — bot protection, domain probably fine",
Bruegel,bruegel.org,blocked,"http 403 — bot protection, domain probably fine",
Bursa Malaysia,bursamalaysia.com,blocked,"http 403 — bot protection, domain probably fine",
CMA CGM,cma-cgm.com,blocked,"http 403 — bot protection, domain probably fine",
CME Clearing Europe,cmegroup.com/clearing,blocked,"http 403 — bot protection, domain probably fine",
CME Group,cmegroup.com,blocked,"http 403 — bot protection, domain probably fine",
COFCO International,cofcointernational.com,blocked,"http 403 — bot protection, domain probably fine",
CQS,cqs.com,blocked,"http 403 — bot protection, domain probably fine",
Camin Cargo Control,camincargo.com,blocked,"http 403 — bot protection, domain probably fine",
Cantor Fitzgerald,cantor.com,blocked,"http 403 — bot protection, domain probably fine",
Cargill,cargill.com,blocked,"http 403 — bot protection, domain probably fine",
Carlyle Group,carlyle.com,blocked,"http 403 — bot protection, domain probably fine",
Chatham House,chathamhouse.org,blocked,"http 403 — bot protection, domain probably fine",
Citadel,citadel.com,blocked,"http 403 — bot protection, domain probably fine",
Citadel Securities,citadelsecurities.com,blocked,"http 403 — bot protection, domain probably fine",
Clarivate,clarivate.com,blocked,"http 403 — bot protection, domain probably fine",
DNO,dno.no,blocked,"http 403 — bot protection, domain probably fine",
DNV,dnv.com,blocked,"http 403 — bot protection, domain probably fine",
Dow,dow.com,blocked,"http 403 — bot protection, domain probably fine",
Dowgate Capital,dowgate.co.uk,blocked,"http 403 — bot protection, domain probably fine",
Droit Financial,droit.tech,blocked,"http 403 — bot protection, domain probably fine",
Dubai Gold and Commodities Exchange,dgcx.ae,blocked,"http 403 — bot protection, domain probably fine",
E.ON Energy Markets,eon.com,blocked,"http 403 — bot protection, domain probably fine",
E.ON UK,eonenergy.com,blocked,"http 403 — bot protection, domain probably fine",
Electricity North West,enwl.co.uk,blocked,"http 403 — bot protection, domain probably fine",
Elia Group,eliagroup.eu,blocked,"http 403 — bot protection, domain probably fine",
Elpedison,elpedison.gr,blocked,"http 403 — bot protection, domain probably fine",
Emarat,emarat.ae,blocked,"http 503 — bot protection, domain probably fine",
Ember,ember-energy.org,blocked,"http 403 — bot protection, domain probably fine",
Energean,energean.com,blocked,"http 403 — bot protection, domain probably fine",
Energy Community Secretariat,energy-community.org,blocked,"http 403 — bot protection, domain probably fine",
Energy Institute,energyinst.org,blocked,"http 403 — bot protection, domain probably fine",
Energy Networks Association,energynetworks.org,blocked,"http 403 — bot protection, domain probably fine",
Energy Transitions Commission,energy-transitions.org,blocked,"http 403 — bot protection, domain probably fine",
Enoc,enoc.com,blocked,"http 403 — bot protection, domain probably fine",
Euronav,euronav.com,blocked,"http 403 — bot protection, domain probably fine",
Everland,everlandmarketing.com,blocked,"http 403 — bot protection, domain probably fine",
GLG Insights,glginsights.com,blocked,"http 403 — bot protection, domain probably fine",
Glocomms,glocomms.com,blocked,"http 429 — bot protection, domain probably fine",
Guggenheim Investments,guggenheiminvestments.com,blocked,"http 403 — bot protection, domain probably fine",
Gulf International Bank,gib.com,blocked,"http 403 — bot protection, domain probably fine",
HFR,hedgefundresearch.com,blocked,"http 403 — bot protection, domain probably fine",
Hartree Partners,hartreepartners.com,blocked,"http 403 — bot protection, domain probably fine",
Hera Group,gruppohera.it,blocked,"http 403 — bot protection, domain probably fine",
Hindustan Petroleum,hindustanpetroleum.com,blocked,"http 403 — bot protection, domain probably fine",
IHS Markit,ihsmarkit.com,blocked,"http 403 — bot protection, domain probably fine",
IRENA,irena.org,blocked,"http 403 — bot protection, domain probably fine",
Iberdrola,iberdrola.com,blocked,"http 403 — bot protection, domain probably fine",
Iberdrola Energia,iberdrola.es,blocked,"http 403 — bot protection, domain probably fine",
Indonesia Stock Exchange,idx.co.id,blocked,"http 403 — bot protection, domain probably fine",
Informa,informa.com,blocked,"http 403 — bot protection, domain probably fine",
International Energy Agency,iea.org,blocked,"http 403 — bot protection, domain probably fine",
Ipreo,ipreo.com,blocked,"http 403 — bot protection, domain probably fine",
Kernel Holding,kernel.ua,blocked,"http 403 — bot protection, domain probably fine",
Keyrock,keyrock.com,blocked,"http 403 — bot protection, domain probably fine",
Klaipedos Nafta,kn.lt,blocked,"http 403 — bot protection, domain probably fine",
LarsonMaddox,larsonmaddox.com,blocked,"http 429 — bot protection, domain probably fine",
Lightship Chartering,lightship.co.uk,blocked,"http 403 — bot protection, domain probably fine",
London Metal Exchange,lme.com,blocked,"http 403 — bot protection, domain probably fine",
Louis Dreyfus Company,ldc.com,blocked,"http 403 — bot protection, domain probably fine",
Marquette Partners,marquettepartners.com,blocked,"http 403 — bot protection, domain probably fine",
Martin Currie,martincurrie.com,blocked,"http 403 — bot protection, domain probably fine",
McDermott,mcdermott.com,blocked,"http 403 — bot protection, domain probably fine",
Miller Insurance,miller-insurance.com,blocked,"http 403 — bot protection, domain probably fine",
Minor Metals Trade Association,mmta.co.uk,blocked,"http 403 — bot protection, domain probably fine",
Mott MacDonald,mottmac.com,blocked,"http 403 — bot protection, domain probably fine",
Multi Commodity Exchange India,mcxindia.com,blocked,"http 403 — bot protection, domain probably fine",
Nayara Energy,nayaraenergy.com,blocked,"http 403 — bot protection, domain probably fine",
Neuberger Berman,nb.com,blocked,"http 429 — bot protection, domain probably fine",
Northern Powergrid,northernpowergrid.com,blocked,"http 403 — bot protection, domain probably fine",
OCC Clearing,theocc.com,blocked,"http 403 — bot protection, domain probably fine",
OPEC Secretariat,opec.org,blocked,"http 403 — bot protection, domain probably fine",
Ofwat,ofwat.gov.uk,blocked,"http 403 — bot protection, domain probably fine",
Origami Energy,origamienergy.com,blocked,"http 403 — bot protection, domain probably fine",
Oxford Institute for Energy Studies,oxfordenergy.org,blocked,"http 403 — bot protection, domain probably fine",
PAMP,pamp.com,blocked,"http 403 — bot protection, domain probably fine",
Peel Hunt,peelhunt.com,blocked,"http 403 — bot protection, domain probably fine",
Pharos Energy,pharos.energy,blocked,"http 403 — bot protection, domain probably fine",
PitchBook,pitchbook.com,blocked,"http 403 — bot protection, domain probably fine",
Platts Analytics,spglobal.com,blocked,"http 403 — bot protection, domain probably fine",
Poten and Partners,poten.com,blocked,"http 403 — bot protection, domain probably fine",
QBE,qbe.com,blocked,"http 403 — bot protection, domain probably fine",
Rabobank,rabobank.com,blocked,"http 403 — bot protection, domain probably fine",
Renoster,renoster.com,blocked,"http 403 — bot protection, domain probably fine",
Reuters News,reuters.com,blocked,"http 401 — bot protection, domain probably fine",
Robert Walters,robertwalters.co.uk,blocked,"http 403 — bot protection, domain probably fine",
SP Energy Networks,spenergynetworks.co.uk,blocked,"http 403 — bot protection, domain probably fine",
Schneider Electric,se.com,blocked,"http 403 — bot protection, domain probably fine",
ScottishPower,scottishpower.com,blocked,"http 403 — bot protection, domain probably fine",
Selby Jennings,selbyjennings.com,blocked,"http 429 — bot protection, domain probably fine",
Sempra Infrastructure,sempra.com,blocked,"http 403 — bot protection, domain probably fine",
Seplat Energy,seplatenergy.com,blocked,"http 403 — bot protection, domain probably fine",
Sharps Pixley,sharpspixley.com,blocked,"http 403 — bot protection, domain probably fine",
Smarsh,smarsh.com,blocked,"http 403 — bot protection, domain probably fine",
Smartkarma,smartkarma.com,blocked,"http 403 — bot protection, domain probably fine",
Solar Energy UK,solarenergyuk.org,blocked,"http 403 — bot protection, domain probably fine",
Somerset Capital Management,somersetcm.com,blocked,"http 503 — bot protection, domain probably fine",
Squeaky,squeaky.energy,blocked,"http 403 — bot protection, domain probably fine",
Statera Energy,stateraenergy.co.uk,blocked,"http 403 — bot protection, domain probably fine",
StoneX,stonex.com,blocked,"http 403 — bot protection, domain probably fine",
Sucden Financial,sucdenfinancial.com,blocked,"http 403 — bot protection, domain probably fine",
Suncor Energy,suncor.com,blocked,"http 403 — bot protection, domain probably fine",
TenneT,tennet.eu,blocked,"http 403 — bot protection, domain probably fine",
Tesla Energy,tesla.com,blocked,"http 403 — bot protection, domain probably fine",
Thunder Said Energy,thundersaidenergy.com,blocked,"http 403 — bot protection, domain probably fine",
Tulchan Communications,tulchangroup.com,blocked,"http 401 — bot protection, domain probably fine",
Tullow Oil,tullowoil.com,blocked,"http 403 — bot protection, domain probably fine",
UBS,ubs.com,blocked,"http 403 — bot protection, domain probably fine",
UK Chamber of Shipping,ukchamberofshipping.com,blocked,"http 403 — bot protection, domain probably fine",
UK Finance,ukfinance.org.uk,blocked,"http 403 — bot protection, domain probably fine",
UK Power Networks,ukpowernetworks.co.uk,blocked,"http 403 — bot protection, domain probably fine",
Uniper,uniper.energy,blocked,"http 403 — bot protection, domain probably fine",
United Oil and Gas,uogplc.com,blocked,"http 403 — bot protection, domain probably fine",
Univar Solutions,univarsolutions.com,blocked,"http 403 — bot protection, domain probably fine",
Visible Alpha,visiblealpha.com,blocked,"http 403 — bot protection, domain probably fine",
WSP,wsp.com,blocked,"http 403 — bot protection, domain probably fine",
WTW,wtwco.com,blocked,"http 429 — bot protection, domain probably fine",
Weatherford,weatherford.com,blocked,"http 403 — bot protection, domain probably fine",
WisdomTree Digital,wisdomtree.com,blocked,"http 403 — bot protection, domain probably fine",
Wolters Kluwer,wolterskluwer.com,blocked,"http 403 — bot protection, domain probably fine",
Wood Energy,woodplc.com/energy,blocked,"http 403 — bot protection, domain probably fine",
Wood Group,woodplc.com,blocked,"http 403 — bot protection, domain probably fine",
ZIM,zim.com,blocked,"http 403 — bot protection, domain probably fine",
Bulgartransgaz,bulgartransgaz.bg,mismatch,page does not name the firm: булгартрансгаз еад булгартрансгаз еад copyright area are sta,https://bulgartransgaz.bg/
AXA Investment Managers,axa-im.com,moved,redirects to bnpparibas-am.com,https://www.bnpparibas-am.com/en/
Ahli United Bank,ahliunited.com,moved,redirects to bh.kfh.com,https://www.bh.kfh.com/
Alcentra,alcentra.com,moved,redirects to bspcredit.com,https://www.bspcredit.com/us/
Angelo Gordon,angelogordon.com,moved,redirects to tpg.com,https://www.tpg.com
BB Energy,bb-energy.com,moved,redirects to ardnamurchanestate.co.uk,https://www.ardnamurchanestate.co.uk/
Bardin Hill,bardinhill.com,moved,redirects to man.com,https://www.man.com/
Bridgepoint,bridgepoint.eu,moved,redirects to bridgepointgroup.com,https://www.bridgepointgroup.com/
Cairn Capital,cairncapital.com,moved,redirects to poluscapital.com,https://poluscapital.com/
Cardano,cardano.com,moved,redirects to mercer.com,https://www.mercer.com/en-gb/
Centamin,centamin.com,moved,redirects to anglogoldashanti.com,https://www.anglogoldashanti.com/
Ceres Global Ag,ceresglobalagcorp.com,moved,redirects to bartlettco.com,https://bartlettco.com/
Clausematch,clausematch.com,moved,redirects to corlytics.com,https://www.corlytics.com:443/
Commonwealth LNG,commonwealthlng.com,moved,redirects to caturus.com,https://caturus.com/operations/#commonwealth
Cooper Energy,cooperenergy.com.au,moved,redirects to amplitudeenergy.com.au,https://amplitudeenergy.com.au/
DEMB Trading,jdecoffee.com,moved,redirects to jacobsdouweegberts.com,https://www.jacobsdouweegberts.com
ED and F Man Capital Markets,edfmancapital.com,moved,redirects to marex.com,https://www.marex.com:443/about-us/regulatory/mcmi-regulatory-documents
Edinburgh Partners,edinburghpartners.com,moved,redirects to franklintempleton.co.uk,https://www.franklintempleton.co.uk/edinburgh-partners-opportunities-fund-plc
Element Energy,element-energy.co.uk,moved,redirects to erm.com,https://www.erm.com/solutions/energy-transition/
Emso Asset Management,emso.com,moved,redirects to kirkoswald.com,https://kirkoswald.com/
Enfusion,enfusion.com,moved,redirects to cwan.com,https://cwan.com/
Eurometaux,eurometaux.eu,moved,redirects to european-metals.eu,https://european-metals.eu/
GRTgaz,grtgaz.com,moved,redirects to natrangroupe.com,https://www.natrangroupe.com/
Gaffney Cline,gaffneycline.com,moved,redirects to bakerhughes.com,https://www.bakerhughes.com/node/163306
Grexel,grexel.com,moved,redirects to eex.com,https://www.eex.com/en/markets/energy-certificates?r=1
Grindrod Shipping,grinshipping.com,moved,redirects to taylormaritime.com,https://www.taylormaritime.com/
Inspectorate,inspectorate.com,moved,redirects to commodities.bureauveritas.com,https://commodities.bureauveritas.com:443/
Itiviti,itiviti.com,moved,redirects to broadridge.com,https://www.broadridge.com/capability/front-office-solutions/
K2 Management,k2management.com,moved,redirects to ramboll.com,https://www.ramboll.com/energy/wind-and-solar
Kleinwort Hambros,kleinworthambros.com,moved,redirects to ubp.com,https://www.ubp.com/uk?khredirect=yes
Lampiris,lampiris.be,moved,redirects to totalenergies.be,https://totalenergies.be/fr/particuliers
Longboat Energy,longboatenergy.com,moved,redirects to seascape-energy.com,https://seascape-energy.com/
Nordic Marine Oil,nordicmarineoil.dk,moved,redirects to malikenergy.com,https://malikenergy.com/da/
Nordic Shipping and Trading,nordicshipping.no,moved,redirects to it-firma.no,https://it-firma.no/
OilX,oilx.co,moved,redirects to energyaspects.com,https://www.energyaspects.com/energy-markets/oil-market-analysis/oilx-nowcasting
Pachama,pachama.com,moved,redirects to carbon-direct.com,https://www.carbon-direct.com/
Polygon Global Partners,polygoninv.com,moved,redirects to westbourneriverpartners.com,https://www.westbourneriverpartners.com/
Renantis,renantis.com,moved,redirects to nadara.com,https://nadara.com/
Rho Motion,rhomotion.com,moved,redirects to benchmarkminerals.com,https://www.benchmarkminerals.com/?camefrom=rhomotion.com
Riverse,riverse.io,moved,redirects to rainbowstandard.io,https://rainbowstandard.io/
Rokstone Underwriting,rokstone.com,moved,redirects to sothebysrealty.co.uk,https://sothebysrealty.co.uk/
Stonehage Fleming,stonehagefleming.com,moved,redirects to corient.com,https://corient.com/us/en
Turquoise,tradeturquoise.com,moved,redirects to londonstockexchange.com,https://www.londonstockexchange.com/securities-trading/turquoise
Waverton Investment Management,waverton.co.uk,moved,redirects to w1m.com,https://www.w1m.com/
100Green,100green.co.uk,ok,page names 100green,https://100green.com
10x Banking,10xbanking.com,ok,page names 10x,https://www.10xbanking.com/
2020 Bulkers,2020bulkers.com,ok,page names 2020/bulkers,https://2020bulkers.com/
21Shares,21shares.com,ok,page names 21shares,https://www.21shares.com/en-eu
3Degrees,3degreesinc.com,ok,page names 3degrees,https://3degreesinc.com/
50Hertz,50hertz.com,ok,page names 50hertz,https://www.50hertz.com/
88 Energy,88energy.com,ok,page names energy,https://88energy.com/
A2A,a2a.eu,ok,page names a2a,https://www.gruppoa2a.it/it/home
AAK,aak.com,ok,page names aak,https://www.aak.com/
ACER,acer.europa.eu,ok,page names acer,https://acer.europa.eu/
ACT Group,actcommodities.com,ok,page names act,https://www.actgroup.com/
ADM,adm.com,ok,page names adm,https://www.adm.com/
ADM Investor Services,admis.com,ok,page names adm/investor/services,https://www.admis.com/
ADNOC,adnoc.ae,ok,page names adnoc,https://adnoc.ae/
ADNOC LNG,adnocgas.ae,ok,page names adnoc,https://adnocgas.ae/
AFME,afme.eu,ok,page names afme,https://www.afme.eu/
AFRY,afry.com,ok,page names afry,https://afry.com/en
AFS Energy,afsenergy.com,ok,page names afs,https://www.afsenergy.com/
AIB,aib.ie,ok,page names aib,https://www.aib.ie/
AIB European Energy Certificate System,aib-net.org,ok,page names aib/european/certificate,https://www.aib-net.org/
AIG,aig.com,ok,page names aig,https://www.aig.com/home
AJ Bell,ajbell.co.uk,ok,page names bell,https://www.ajbell.co.uk/
ALLCOT,allcot.com,ok,page names allcot,https://www.allcot.com/
ANZ,anz.com,ok,page names anz,https://www.anz.com.au/personal/
AQR Capital Management,aqr.com,ok,page names aqr,https://www.aqr.com/
ARERA,arera.it,ok,page names arera,https://www.arera.it/
ASX,asx.com.au,ok,page names asx,https://www.asx.com.au/
ATFX,atfx.com,ok,page names atfx,https://www.atfx.com/
AXA XL,axaxl.com,ok,page names axa,https://axaxl.com/
Aave Companies,aave.com,ok,page names aave,https://aave.com/
Abatable,abatable.com,ok,page names abatable,https://abatable.com/
Aberforth Partners,aberforth.co.uk,ok,page names aberforth,https://www.aberforth.co.uk/
Abu Dhabi Securities Exchange,adx.ae,ok,page names abu/dhabi/exchange,https://www.adx.ae/
Abundance Investment,abundanceinvestment.com,ok,page names abundance,https://www.abundanceinvestment.com/
Acadian Asset Management,acadian-asset.com,ok,page names acadian,https://www.acadian-asset.com/
Accenture,accenture.com,ok,page names accenture,https://www.accenture.com/us-en
Acea,acea.it,ok,page names acea,https://www.acea.it/
Adani Global,adani.com,ok,page names adani,https://www.adani.com/
Adecoagro,adecoagro.com,ok,page names adecoagro,https://adecoagro.com/
Adriatic LNG,adriaticlng.it,ok,page names adriatic/lng,https://adriaticlng.it/
Advent International,adventinternational.com,ok,page names advent,https://www.adventinternational.com/
Aegean Marine Petroleum,aegeanoil.com,ok,page names aegean,https://aegeanoil.com/el/
Aegis London,aegislondon.co.uk,ok,page names aegis,https://aegislondon.co.uk/
Aegon Asset Management,aegonam.com,ok,page names aegon,https://www.aegonam.com/
Afentra,afentraplc.com,ok,page names afentra,https://www.afentraplc.com/
Affinity Shipping,affinityship.com,ok,page names affinity/shipping,https://www.affinityship.com/
Agder Energi,ae.no,ok,page names energi,https://www.aenergi.no/no
Agnico Eagle,agnicoeagle.com,ok,page names agnico/eagle,https://agnicoeagle.com/English/home/default.aspx
Agora Energiewende,agora-energiewende.de,ok,page names agora/energiewende,https://www.agora-energiewende.de/
Agrocorp International,agrocorp.com.sg,ok,page names agrocorp,https://agrocorp.com.sg/
Agrofert,agrofert.cz,ok,page names agrofert,https://www.agrofert.cz/
Airswift,airswift.com,ok,page names airswift,https://www.airswift.com/
Aker BP,akerbp.com,ok,page names aker,https://akerbp.com/
Aker Solutions,akersolutions.com,ok,page names aker/solutions,https://www.akersolutions.com/
Ako Capital,akocapital.com,ok,page names ako,https://www.akocapital.com/
Akuna Capital,akunacapital.com,ok,page names akuna,https://akunacapital.com/
Albourne Partners,albourne.com,ok,page names albourne,https://www-us.albourne.com/
Alcoa,alcoa.com,ok,page names alcoa,https://www.alcoa.com/global/en/home/
Alcyon Shipping,alcyonshipping.com,ok,page names alcyon/shipping,https://alcyonshipping.com/
Alexander Ash,alexanderash.com,ok,page names alexander/ash,https://alexanderash.com/
Alfred H Knight,ahkgroup.com,ok,page names alfred/knight,https://www.ahkgroup.com/
Alibra Shipping,alibrashipping.com,ok,page names alibra/shipping,https://alibrashipping.com/
AlixPartners,alixpartners.com,ok,page names alixpartners,https://www.alixpartners.com/
Allenby Capital,allenbycapital.com,ok,page names allenby,https://www.allenbycapital.com/
Alliance Trust,alliancetrust.co.uk,ok,page names alliance/trust,https://www.alliancewitan.com/
AllianceBernstein,alliancebernstein.com,ok,page names alliancebernstein,https://www.alliancebernstein.com/corporate/en/home.html
Allianz Commercial,allianz.com,ok,page names allianz,https://www.allianz.com/en.html
Allied Shipbroking,allied-shipbroking.gr,ok,page names allied/shipbroking,https://www.allied-shipbroking.gr/
Alpha Group,alphagroup.com,ok,page names alpha,https://www.alphagroup.com/
AlphaSense,alpha-sense.com,ok,page names alphasense,https://www.alpha-sense.com/
AlphaSights,alphasights.com,ok,page names alphasights,https://www.alphasights.com/
Alpiq,alpiq.com,ok,page names alpiq,https://www.alpiq.com/
Alternative Investment Management Association,aima.org,ok,page names alternative/association,https://www.aima.org/
Alvean,alvean.com,ok,page names alvean,https://alvean.com/
Amaggi,amaggi.com.br,ok,page names amaggi,https://www.amaggi.com.br/
Amalgamated Metal Corporation,amcgroup.com,ok,page names amalgamated/metal,https://www.amcgroup.com/
Amalgamated Metal Trading,amt.co.uk,ok,page names amalgamated/metal,https://amt.co.uk/
Amber Group,ambergroup.io,ok,page names amber,https://ambergroup.io/
Amber Infrastructure,amberinfrastructure.com,ok,page names amber/infrastructure,https://www.amberinfrastructure.com/
Ambition,ambition.co.uk,ok,page names ambition,https://www.ambition.co.uk/
Ameresco,ameresco.com,ok,page names ameresco,https://www.ameresco.com/
Ameropa,ameropa.com,ok,page names ameropa,https://www.ameropa.com/home
Aminex,aminex-plc.com,ok,page names aminex,https://aminex-plc.com/
Amplify Trading,amplifyme.com,ok,page names amplify,https://amplifyme.com/
Ampol,ampol.com.au,ok,page names ampol,https://www.ampol.com.au/
Amprion,amprion.net,ok,page names amprion,https://www.amprion.net/
Ampyr Energy,ampyrenergy.com,ok,page names ampyr,https://www.ampyrenergy.com/
Amspec,amspecgroup.com,ok,page names amspec,https://www.amspecgroup.com/
Amundi,amundi.com,ok,page names amundi,https://about.amundi.com
Analytic Investors,analyticinvestors.com,ok,page names analytic/investors,https://www.hugedomains.com/domain_profile.cfm?d=analyticinvestors.com
Anchorage Digital,anchorage.com,ok,page names anchorage/digital,https://www.anchorage.com/
Andel,andel.dk,ok,page names andel,https://andel.dk/
Andersons,andersonsinc.com,ok,page names andersons,https://www.andersonsinc.com/
Andurand Capital,andurandcapital.com,ok,page names andurand,https://andurandcapital.com/
Anesco,anesco.co.uk,ok,page names anesco,https://anesco.com/
Anew Climate,anewclimate.com,ok,page names anew/climate,https://www.anewclimate.com/
Angel Oak Capital,angeloakcapital.com,ok,page names angel/oak,https://angeloakcapital.com/
Anglo American,angloamerican.com,ok,page names anglo/american,https://www.angloamerican.com/
AngloGold Ashanti,anglogoldashanti.com,ok,page names anglogold/ashanti,https://www.anglogoldashanti.com/
Angus Energy,angusenergy.co.uk,ok,page names angus,https://www.angusenergy.co.uk/
Ankura,ankura.com,ok,page names ankura,https://ankura.com/
Anson Funds,ansonfunds.com,ok,page names anson/funds,https://ansonfunds.com/
Anson McCade,ansonmccade.com,ok,page names anson/mccade,https://ansonmccade.com/
Antin Infrastructure Partners,antin-ip.com,ok,page names antin/infrastructure,https://www.antin-ip.com/
Aon,aon.com,ok,page names aon,https://www.aon.com/en/
Aon Investments,aon.com/investments,ok,page names aon,https://www.aon.com/en/
Apax Partners,apax.com,ok,page names apax,https://www.apax.com/
Aperam,aperam.com,ok,page names aperam,https://www.aperam.com/
Apical Group,apicalgroup.com,ok,page names apical,https://www.apicalgroup.com/
Apollo Global Management,apollo.com,ok,page names apollo,https://www.apollo.com/
Applegreen,applegreenstores.com,ok,page names applegreen,https://applegreenstores.com/
Aquatic Capital Management,aquatic.com,ok,page names aquatic,https://aquatic.com/
Aquila Capital,aquila-capital.com,ok,page names aquila,https://www.aquila-capital.de/en
Aquila European Renewables,aquila-european-renewables.com,ok,page names aquila/european/renewables,https://www.aquila-european-renewables.com/
Aquind,aquind.co.uk,ok,page names aquind,https://aquind.co.uk/
Arab Bank,arabbank.com,ok,page names arab,https://www.arabbank.com/
Arab Banking Corporation,bank-abc.com,ok,page names bankabc,https://www.bank-abc.com:443/en
Aramco Trading,aramcotrading.com,ok,page names aramco,https://www.aramcotrading.com/en/
Arbuthnot Latham,arbuthnotlatham.co.uk,ok,page names arbuthnot/latham,https://www.arbuthnotlatham.co.uk:443/
Arch Insurance,archinsurance.com,ok,page names arch/insurance,https://insurance.archgroup.com
Archax,archax.com,ok,page names archax,https://archax.com/
Arcmont Asset Management,arcmont.com,ok,page names arcmont,https://arcmont.com/
Arctic Securities,arctic.com,ok,page names arctic,https://arctic.com/
Arcus Infrastructure Partners,arcusip.com,ok,page names arcus/infrastructure,https://arcusip.com/
Ardmore Shipping,ardmoreshipping.com,ok,page names ardmore/shipping,https://ardmoreshipping.com/
Arenko,arenko.group,ok,page names arenko,https://arenko.group/
Argent Energy,argentenergy.com,ok,page names argent,https://www.argentenergy.com/
Argentex,argentex.com,ok,page names argentex,https://www.argentex.com/
Argo Group,argogroup.com,ok,page names argo,https://www.argogroup.com/
Argus Media,argusmedia.com,ok,page names argus/media,https://www.argusmedia.com:443/en
Arini,arini.com,ok,page names arini,https://arini.com/
Aristeia Capital,aristeiacapital.com,ok,page names aristeia,https://www.aristeiacapital.com/
Ark Insurance,arkunderwriting.com,ok,page names ark/insurance,https://arkunderwriting.com/
Arkema,arkema.com,ok,page names arkema,https://www.arkema.com/global/en/
Armstrong Craven,armstrongcraven.com,ok,page names armstrong/craven,https://armstrongcraven.com/
Arrow Exploration,arrowexploration.com,ok,page names arrow/exploration,https://arrowexploration.ca/
Arrowstreet Capital,arrowstreetcapital.com,ok,page names arrowstreet,https://www.arrowstreetcapital.com/
Artelys,artelys.com,ok,page names artelys,https://www.artelys.com/
Artemis Investment Management,artemisfunds.com,ok,page names artemis,https://www.artemisfunds.com
Arup,arup.com,ok,page names arup,https://www.arup.com/en-us/
Asahi Refining,asahirefining.com,ok,page names asahi/refining,https://www.asahirefining.com/
Ascent RegTech,ascentregtech.com,ok,page names ascent,https://www.ascentregtech.com/
Ascot Group,ascotgroup.com,ok,page names ascot,https://www.ascotgroup.com/
Aspect Capital,aspectcapital.com,ok,page names aspect,https://www.aspectcapital.com/
Aspen Insurance,aspen.co,ok,page names insurance,https://www.sompo.com/en-us
Aspex Management,aspexmanagement.com,ok,page names aspex,https://aspexmanagement.com/
Astarta Holding,,ok,no domain claimed,
Atalaya Mining,atalayamining.com,ok,page names atalaya/mining,https://atalayamining.com/
Atrato Partners,atratopartners.com,ok,page names atrato,https://atratogroup.com/
Atrium Underwriters,atrium-uw.com,ok,page names atrium,https://www.atrium-uw.com/
Attestor Capital,attestorcapital.com,ok,page names attestor,https://www.attestor.com/
Aubrey Capital Management,aubreycm.co.uk,ok,page names aubrey,https://www.aubreycm.co.uk/
Auctus Advisors,auctusadvisors.co.uk,ok,page names auctus,https://www.auctusadvisors.co.uk/
Augstsprieguma tikls,ast.lv,ok,page names augstsprieguma,https://ast.lv/lv
Aura Power,aurapower.com,ok,page names aura/power,https://www.aurapower.com/
Auramet,auramet.com,ok,page names auramet,https://www.auramet.com/
Aurora Energy Research,auroraer.com,ok,page names aurora/research,https://auroraer.com/
Aurora Insight,auroraer.co.uk,ok,page names aurora/insight,https://auroraer.com/
Auros,auros.global,ok,page names auros,https://www.auros.global/
Aurubis,aurubis.com,ok,page names aurubis,https://www.aurubis.com/en/
Austrian Power Grid,apg.at,ok,page names austrian/power/grid,https://www.apg.at/
Autonomy Capital,autonomycapital.com,ok,page names autonomy,https://autonomycapital.com/
Axia Futures,axiafutures.com,ok,page names axia/futures,https://axiafutures.com/
Axle Energy,axle.energy,ok,page names axle,https://www.axle.energy/
Axpo,axpo.com,ok,page names axpo,https://www.axpo.com/us/en.html
Azelis,azelis.com,ok,page names azelis,https://www.azelis.com/en
B2C2,b2c2.com,ok,page names b2c2,https://www.b2c2.com/
BASF,basf.com,ok,page names basf,https://www.basf.com/us/en
BBL Company,bblcompany.com,ok,page names bbl,https://bblcompany.com/
BBVA,bbva.com,ok,page names bbva,https://www.bbva.com/en/
BC Partners,bcpartners.com,ok,page names partners,https://www.bcpartners.com/
BDO,bdo.co.uk,ok,page names bdo,https://www.bdo.co.uk/en-gb/home
BKK,bkk.no,ok,page names bkk,https://www.bkk.no/
BKW Energie,bkw.ch,ok,page names bkw/energie,https://www.bkw.ch/de
BME Spanish Exchanges,bolsasymercados.es,ok,page names bme,https://www.bolsasymercados.es/es/home.html
BMS Group,bmsgroup.com,ok,page names bms,https://www.bmsgroup.com/en
BNP Paribas Asset Management,bnpparibas-am.com,ok,page names bnp/paribas,https://www.bnpparibas-am.com/en/
BP,bp.com,ok,page names bp,https://www.bp.com/
BRED Banque Populaire,bred.fr,ok,page names bred/banque/populaire,https://www.bred.fr
BVG Associates,bvgassociates.com,ok,page names bvg/associates,https://bvgassociates.com/
BW LPG,bwlpg.com,ok,page names lpg,https://www.bwlpg.com/
Badenova,badenova.de,ok,page names badenova,https://www.badenova.de/
Bahri,bahri.sa,ok,page names bahri,https://www.bahri.sa/
Baillie Gifford,bailliegifford.com,ok,page names baillie/gifford,https://www.bailliegifford.com/en/usa/institutional-investor/
Bain and Company,bain.com,ok,page names bain,https://www.bain.com/
Baird and Co Refinery,bairdmint.com,ok,page names baird/refinery,https://bairdmint.com/
Baltic Connector,elering.ee/en,ok,page names elering,https://elering.ee/en
Baltic Control,balticcontrol.com,ok,page names baltic/control,https://balticcontrol.com/
Baltic and International Maritime Council,bimco.org,ok,page names bimco,https://www.bimco.org/
Balyasny Asset Management,bamfunds.com,ok,page names balyasny,https://www.bamfunds.com:443/
Bank Muscat,bankmuscat.com,ok,page names muscat,https://www.bankmuscat.om/en/Pages/default.aspx
Bank of America,bankofamerica.com,ok,page names america,https://www.bankofamerica.com/
Bank of Ireland,bankofireland.com,ok,page names ireland,https://www.bankofireland.com:443/
Banks Renewables,banksgroup.co.uk,ok,page names banks,https://www.banksgroup.co.uk/
Banque Misr,banquemisr.com,ok,page names banque/misr,https://banquemisr.com/
Banque de Commerce et de Placements,bcp-bank.com,ok,page names banque/commerce/placements,https://bcp-bank.com/en
Bapco Energies,bapco.net,ok,page names bapco,https://bapco.net/
Barclays,barclays.com,ok,page names barclays,https://home.barclays/
Baringa,baringa.com,ok,page names baringa,https://www.baringa.com/en/
Barings,barings.com,ok,page names barings,https://www.barings.com/en-us/guest
Barington Capital,baringtoncapital.com,ok,page names barington,https://baringtoncapital.com/
Barnett Waddingham,barnett-waddingham.co.uk,ok,page names barnett/waddingham,https://www.barnett-waddingham.co.uk/
Barrick,barrick.com,ok,page names barrick,https://www.barrick.com/English/home/default.aspx
BattleFin,battlefin.com,ok,page names battlefin,https://www.battlefin.com/
BayWa re,baywa-re.com,ok,page names baywa,https://www.baywa-re.com/en
BeZero Carbon,bezerocarbon.com,ok,page names bezero/carbon,https://bezerocarbon.com/
Beach Energy,beachenergy.com.au,ok,page names beach,https://beachenergy.com.au/
Beacon Platform,beacon.io,ok,page names beacon/platform,https://cwan.com/products/beacon/
Bechtel,bechtel.com,ok,page names bechtel,https://www.bechtel.com/
Behavox,behavox.com,ok,page names behavox,https://behavox.com/
Believ,believ.com,ok,page names believ,https://www.believ.com/
Belltown Power,belltownpower.com,ok,page names belltown/power,https://belltownpower.com/
Belships,belships.com,ok,page names belships,https://www.belships.com/
Belvedere Trading,belvederetrading.com,ok,page names belvedere,https://www.belvederetrading.com/
Benchmark Mineral Intelligence,benchmarkminerals.com,ok,page names benchmark/mineral/intelligence,https://www.benchmarkminerals.com/
Berenberg,berenberg.de,ok,page names berenberg,https://www.berenberg.de/
Berkeley Research Group,thinkbrg.com,ok,page names berkeley/research,https://www.thinkbrg.com/
Berkshire Hathaway Specialty,bhspecialty.com,ok,page names berkshire/hathaway/specialty,https://www.bhspecialty.com
Bernstein Private Wealth,bernstein.com,ok,page names bernstein/private/wealth,https://www.bernstein.com/
Bessemer Trust,bessemertrust.com,ok,page names bessemer/trust,https://www.bessemertrust.com/
Bitfinex,bitfinex.com,ok,page names bitfinex,https://www.bitfinex.com/
Bitget,bitget.com,ok,page names bitget,https://www.bitget.com/ru
Bitmex,bitmex.com,ok,page names bitmex,https://www.bitmex.com/
Bitpanda,bitpanda.com,ok,page names bitpanda,https://www.bitpanda.com/en
Bitwise Asset Management,bitwiseinvestments.com,ok,page names bitwise,https://bitwiseinvestments.com/
BlackRock,blackrock.com,ok,page names blackrock,https://www.blackrock.com/us/individual
Blackstone,blackstone.com,ok,page names blackstone,https://www.blackstone.com/
Blackwood Group,blackwoodgroup.com,ok,page names blackwood,https://blackwoodgroup.com/
Blockchain Capital,blockchain.capital,ok,page names blockchain,https://www.blockchaincapital.com/
Blockchain.com,blockchain.com,ok,page names blockchain/com,https://www.blockchain.com/
Blockdaemon,blockdaemon.com,ok,page names blockdaemon,https://www.blockdaemon.com/
Blue Owl Capital,blueowl.com,ok,page names blue/owl,https://www.blueowl.com/
BlueCrest Capital,bluecrestcapital.com,ok,page names bluecrest,https://www.bluecrestcapital.com/
Bluebell Capital Partners,bluebellpartners.com,ok,page names bluebell,https://www.bluebellcp.com/
Bluefield Partners,bluefieldpartners.co.uk,ok,page names bluefield,https://thebluefieldgroup.com/bluefield-partners/
Bluefield Solar Income Fund,bluefieldsif.com,ok,page names bluefield/solar/income,https://bluefieldsif.com/
Boliden,boliden.com,ok,page names boliden,https://www.boliden.com/
Borealis,borealisgroup.com,ok,page names borealis,https://www.borealisgroup.com/
Borr Drilling,borrdrilling.com,ok,page names borr/drilling,https://www.borrdrilling.com/
Borsa Istanbul,borsaistanbul.com,ok,page names borsa,https://borsaistanbul.com/
Botas,botas.gov.tr,ok,page names botas,https://botas.gov.tr/
Bracebridge Capital,bracebridgecapital.com,ok,page names bracebridge,https://bracebridgecapital.com/
Braemar,braemar.com,ok,page names braemar,https://braemar.com/
Braemar Securities,braemar.co.uk,ok,page names braemar,https://braemar.com/
Brenntag,brenntag.com,ok,page names brenntag,https://www.brenntag.com/
Brevan Howard,brevanhoward.com,ok,page names brevan/howard,https://brevanhoward.com/
Bridgewater Associates,bridgewater.com,ok,page names bridgewater/associates,https://www.bridgewater.com/
Brit Insurance,britinsurance.com,ok,page names brit/insurance,https://www.britinsurance.com/
Britannia Refined Metals,glencore.co.uk,ok,page names glencore,https://www.glencore.com/
British Private Equity and Venture Capital Association,bvca.co.uk,ok,page names private,https://www.ukprivatecapital.co.uk/
British Steel,britishsteel.co.uk,ok,page names british/steel,https://www.britishsteel.co.uk/
Broadgate Search,broadgatesearch.com,ok,page names broadgate/search,https://www.broadgatesearch.com/
Broadridge,broadridge.com,ok,page names broadridge,https://www.broadridge.com/
Brookfield Asset Management,brookfield.com,ok,page names brookfield,https://www.brookfield.com/
Bruin Financial,bruinfinancial.com,ok,page names bruin,https://www.bruinfinancial.com/
Brunel,brunel.net,ok,page names brunel,https://www.brunel.net/en-us
Brunswick Group,brunswickgroup.com,ok,page names brunswick,https://www.brunswickgroup.com/
Buckthorn Partners,buckthornpartners.com,ok,page names buckthorn,https://buckthornpartners.com/
Budget Energie,budgetenergie.nl,ok,page names budget/energie,https://www.budgetthuis.nl/energie?utm_source=budgetenergie&utm_medium=redirect&utm_campaign=free-electricity
Bundesnetzagentur,bundesnetzagentur.de,ok,page names bundesnetzagentur,https://www.bundesnetzagentur.de/DE/Home/home_node.html
Bunge,bunge.com,ok,page names bunge,https://bunge.com/
Bunge Loders Croklaan,bungeloders.com,ok,page names bunge,https://bunge.com/
Bunker Holding,bunker-holding.com,ok,page names bunker/holding,https://www.bunker-holding.com/
Bunker One,bunker-one.com,ok,page names bunker/one,https://bunker-one.com/
Bunker Partner,bunkerpartner.com,ok,page names bunker/partner,https://bunkerpartner.com/
Bunkerlink,bunkerlink.com,ok,page names bunkerlink,https://bunkerlink.com/
Bureau Veritas,bureauveritas.com,ok,page names bureau/veritas,https://group.bureauveritas.com:443/
Bybit,bybit.com,ok,page names bybit,https://www.bybit.com/
C Hoare and Co,hoaresbank.co.uk,ok,page names hoare,https://www.hoaresbank.co.uk/
CEER,ceer.eu,ok,page names ceer,https://www.ceer.eu/
CEPS,ceps.cz,ok,page names ceps,https://www.ceps.cz/cs/
CEZ Group,cez.cz,ok,page names cez,https://www.cez.cz/
CFC Underwriting,cfcunderwriting.com,ok,page names cfc/underwriting,https://www.cfc.com/en-us/
CHS Inc,chsinc.com,ok,page names chs,https://www.chsinc.com/
CIBC,cibc.com,ok,page names cibc,https://www.cibc.com/en/personal-banking.html
CLS Group,cls-group.com,ok,page names cls,https://www.cls-group.com/
CMC Markets,cmcmarkets.com,ok,page names cmc,https://www.cmcmarkets.com/en
CNMC,cnmc.es,ok,page names cnmc,https://cnmc.es/
COWI,cowi.com,ok,page names cowi,https://www.cowi.com/
CTC Trading,chicagotrading.com,ok,page names ctc,https://www.chicagotrading.com/
CVC Capital Partners,cvc.com,ok,page names cvc,https://www.cvc.com/
Cadent Gas,cadentgas.com,ok,page names cadent/gas,https://cadentgas.com/
Caius Capital,caiuscapital.com,ok,page names caius,https://caiuscapital.com/
CaixaBank,caixabank.com,ok,page names caixabank,https://www.caixabank.com/home_es.html
Calyx Global,calyxglobal.com,ok,page names calyx,https://calyxglobal.com/
Camarco,camarco.co.uk,ok,page names camarco,https://www.camarco.co.uk/
Cambridge Econometrics,camecon.com,ok,page names cambridge/econometrics,https://www.camecon.com/
Cameron Kennedy,cameronkennedy.com,ok,page names cameron/kennedy,https://www.cameronkennedy.com/
Cameron LNG,cameronlng.com,ok,page names cameron/lng,https://cameronlng.com/
Campbell and Company,campbell.com,ok,page names campbell,https://www.campbell.com/
Canaccord Genuity,canaccordgenuity.com,ok,page names canaccord/genuity,https://www.canaccordgenuity.com/
Canalyst,canalyst.com,ok,page names canalyst,https://www.canalyst.com/
Candriam,candriam.com,ok,page names candriam,https://www.candriam.com/en-us/professional/
Canopius,canopius.com,ok,page names canopius,https://www.canopius.com/
Canyon Partners,canyonpartners.com,ok,page names canyon,https://www.canyonpartners.com/
Capgemini,capgemini.com,ok,page names capgemini,https://www.capgemini.com/
Capital Group,capitalgroup.com,ok,page names capital/group,https://www.capitalgroup.com:443/
Cappitech,cappitech.com,ok,page names cappitech,https://www.cappitech.com/
Capricorn Energy,capricornenergy.com,ok,page names capricorn,https://www.capricornenergy.com/
Capula Investment Management,capulaglobal.com,ok,page names capula,https://www.capulaglobal.com/
Carbon Direct,carbon-direct.com,ok,page names carbon/direct,https://www.carbon-direct.com/
Carbon Tracker Initiative,carbontracker.org,ok,page names carbon/tracker/initiative,https://carbontracker.org/
Carbon Trust,carbontrust.com,ok,page names carbon/trust,https://www.carbontrust.com/
Carlton Power,carltonpower.co.uk,ok,page names carlton/power,https://www.carltonpower.co.uk/
Carmignac,carmignac.com,ok,page names carmignac,https://www.carmignac.com/en
Carnegie Investment Bank,carnegie.se,ok,page names carnegie,https://www.carnegie.se/
Castlefield,castlefield.com,ok,page names castlefield,https://www.castlefield.com/
Castleton Commodities International,cci.com,ok,page names castleton,https://cci.com/
Causaly,causaly.com,ok,page names causaly,https://www.causaly.com/
Cavendish Capital Markets,cavendish.com,ok,page names cavendish,https://www.cavendish.com/
Caxton Associates,caxton.com,ok,page names caxton,https://www.caxton.com/
Cazenove Capital,cazenovecapital.com,ok,page names cazenove,https://www.cazenovecapital.com/en-gb/uk/wealth-management/
Cboe Europe,cboe.com,ok,page names cboe,https://www.cboe.com/
Celsa Steel,celsauk.com,ok,page names celsa/steel,https://www.celsauk.com/
Cenovus Energy,cenovus.com,ok,page names cenovus,https://cenovus.com/
Centerbridge Partners,centerbridge.com,ok,page names centerbridge,https://www.centerbridge.com/
Centrica Energy,centrica.com,ok,page names centrica,https://www.centrica.com/
Centrica Energy Trading,centricaenergytrading.com,ok,page names centrica,https://centricaenergy.com
Cero Generation,cerogeneration.com,ok,page names cero/generation,https://cerogeneration.com/
Certas Energy,certasenergy.co.uk,ok,page names certas,https://certasenergy.co.uk/
Cevian Capital,cevian.com,ok,page names cevian,https://cevian.com/
Chainalysis,chainalysis.com,ok,page names chainalysis,https://www.chainalysis.com/
Chainlink Labs,chainlinklabs.com,ok,page names chainlink/labs,https://chainlinklabs.com/
Chariot Limited,chariotenergygroup.com,ok,page names chariot,https://chariotenergygroup.com/
Charles River Associates,crai.com,ok,page names charles/river/associates,https://www.crai.com/
Charles Stanley,charles-stanley.co.uk,ok,page names charles/stanley,https://charles-stanley.co.uk/
Charterhouse Capital Partners,charterhouse.co.uk,ok,page names charterhouse,https://www.charterhouse.co.uk/
Checkout.com,checkout.com,ok,page names checkout/com,https://www.checkout.com/
Chelverton Asset Management,chelvertonam.com,ok,page names chelverton,https://www.chelvertonam.com/
Chemical Industries Association,cia.org.uk,ok,page names chemical/industries/association,https://www.cia.org.uk:443/
Chemoil,chemoil.com,ok,page names chemoil,https://www.chemoil.com/
Chenavari Investment Managers,chenavari.com,ok,page names chenavari/managers,https://www.chenavari.com/
Cheniere Marketing,cheniere.com,ok,page names cheniere,https://www.cheniere.com/
Chesapeake Capital,chesapeakecapital.com,ok,page names chesapeake,https://chesapeakecapital.com/
Chevron,chevron.com,ok,page names chevron,https://www.chevron.com/
Cheyne Capital,cheynecapital.com,ok,page names cheyne,https://cheynecapital.com/
Chloris Geospatial,chloris.earth,ok,page names chloris/geospatial,https://www.chloris.earth/
Chubb,chubb.com,ok,page names chubb,https://www.chubb.com/us-en/
Cinven,cinven.com,ok,page names cinven,https://www.cinven.com/
Circle K Europe,circlek.com,ok,page names circle,https://www.circlek.com:443/
Circle Square,circlesquare.co.uk,ok,page names circle/square,https://www.circlesquare.co.uk/
Citi,citi.com,ok,page names citi,https://www.citi.com/
City of London Investment Group,citlon.com,ok,page names city,https://citlon.com/
Clareville Capital,clarevillecapital.com,ok,page names clareville,https://www.hugedomains.com/domain_profile.cfm?d=clarevillecapital.com
Clariant,clariant.com,ok,page names clariant,https://www.clariant.com/en/Corporate
Clarksons,clarksons.com,ok,page names clarksons,https://www.clarksons.com/
Clear Street,clearstreet.io,ok,page names clear/street,https://www.clearstreet.io/
ClearBank,clear.bank,ok,page names clearbank,https://clear.bank/
ClearBlue Markets,clearbluemarkets.com,ok,page names clearblue,https://www.clearbluemarkets.com/
Clearlake Shipping,clearlakeshipping.com,ok,page names clearlake/shipping,https://clearlakeshipping.com/
Clearstone Energy,clearstoneenergy.com,ok,page names clearstone,https://www.clearstoneenergy.com/
Clearstream,clearstream.com,ok,page names clearstream,https://www.clearstream.com/clearstream-en
Climate Change Committee,theccc.org.uk,ok,page names climate/change/committee,https://www.theccc.org.uk/
Climate Impact Partners,climateimpact.com,ok,page names climate/impact,https://www.climateimpact.com/
ClimatePartner,climatepartner.com,ok,page names climatepartner,https://www.climatepartner.com/en
ClimeCo,climeco.com,ok,page names climeco,https://www.climeco.com/
Close Brothers,closebrothers.com,ok,page names close/brothers,https://www.closebrothers.com/
Cobalt Institute,cobaltinstitute.org,ok,page names cobalt/institute,https://www.cobaltinstitute.org/
Codelco,codelco.com,ok,page names codelco,https://codelco.com/
CoinShares,coinshares.com,ok,page names coinshares,https://coinshares.com/
Coinbase,coinbase.com,ok,page names coinbase,https://www.coinbase.com/
Coleman Research,colemanrg.com,ok,page names coleman,https://www.colemanrg.com/
Columbia Threadneedle,columbiathreadneedle.com,ok,page names columbia/threadneedle,https://www.columbiathreadneedle.com/en/
Comexim,comexim.com.br,ok,page names comexim,https://comexim.com.br/
Commercial Bank of Dubai,cbd.ae,ok,page names commercial/dubai,https://www.cbd.ae/
Commerzbank,commerzbank.com,ok,page names commerzbank,https://www.commerzbank.de/group/
Commission de Regulation de lEnergie,cre.fr,ok,page names commission,https://www.cre.fr/
Community Windpower,communitywindpower.co.uk,ok,page names community/windpower,https://cwpenergy.uk/
Compass Lexecon,compasslexecon.com,ok,page names compass/lexecon,https://www.compasslexecon.com/
Compass Maritime,compassmar.com,ok,page names compass/maritime,https://compassmar.com/
Compensate,compensate.com,ok,page names compensate,https://www.compensate.com/
ComplyAdvantage,complyadvantage.com,ok,page names complyadvantage,https://complyadvantage.com/
Concord Resources,concordresources.com,ok,page names concord,https://www.concordltd.com/
Concord Resources Metals,concordresources.co.uk,ok,page names concord/metals/concordresources,https://www.concordltd.com/
Conduit Re,conduitreinsurance.com,ok,page names conduit,https://www.conduitreinsurance.com/
Connected Kerb,connectedkerb.com,ok,page names connected/kerb,https://connectedkerb.com/
ConocoPhillips,conocophillips.com,ok,page names conocophillips,https://www.conocophillips.com/
Conrad Energy,conradenergy.co.uk,ok,page names conrad,https://conradenergy.co.uk/
Consensys,consensys.io,ok,page names consensys,https://consensys.io/
Contrarian Capital,contrariancapital.com,ok,page names contrarian,https://www.contrariancapital.com/
Convert Energy,convertenergy.co.uk,ok,page names convert,https://convertenergy.co.uk/
Convex,convexin.com,ok,page names convex,https://convexin.com/
Cool Effect,cooleffect.org,ok,page names cool/effect,https://www.cooleffect.org/
Copenhagen Infrastructure Partners,cipartners.dk,ok,page names copenhagen/infrastructure,https://www.cip.com
Copersucar,copersucar.com.br,ok,page names copersucar,https://www.copersucar.com.br/
Copper,copper.co,ok,page names copper,https://copper.co/en
Corcel,corcelplc.com,ok,page names corcel,https://www.corcelplc.com/
Corio Generation,coriogeneration.com,ok,page names corio/generation,https://www.coriogeneration.com/
Corlytics,corlytics.com,ok,page names corlytics,https://www.corlytics.com/
Cornwall Energy,cornwall-insight.com,ok,page names cornwall,https://www.cornwall-insight.com/
Cornwall Insight Australia,cornwall-insight.com.au,ok,page names cornwall/insight,https://www.cornwall-insight.com
Coro Energy,coroenergyplc.com,ok,page names coro,https://coroenergyplc.com/
Corona Energy,coronaenergy.co.uk,ok,page names corona,https://www.coronaenergy.co.uk/
Corpay,corpay.com,ok,page names corpay,https://www.corpay.com/
Cotecna,cotecna.com,ok,page names cotecna,https://www.cotecna.com/en
Covestro,covestro.com,ok,page names covestro,https://www.covestro.com/
Crabel Capital Management,crabel.com,ok,page names crabel,https://crabel.com/
Cristal Union,cristal-union.fr,ok,page names cristal/union,https://www.cristal-union.fr/
Croda International,croda.com,ok,page names croda,https://www.croda.com/en-gb
Crown Estate,thecrownestate.co.uk,ok,page names crown/estate,https://www.thecrownestate.co.uk/
Crown Estate Scotland,crownestatescotland.com,ok,page names crown/estate/scotland,https://crownestatescotland.com/
Crown Gas and Power,crowngas.co.uk,ok,page names crown/gas/power,https://www.crowngasandpower.co.uk/
Crown Oil,crownoil.co.uk,ok,page names crown/oil,https://www.crownoil.co.uk/
Crypto.com,crypto.com,ok,page names crypto/com,https://crypto.com/us
Crystal Amber,crystalamber.com,ok,page names crystal/amber,https://crystalamber.com/
Cubico Sustainable Investments,cubicoinvest.com,ok,page names cubico/sustainable,https://www.cubicoinvest.com/
Cumberland,cumberland.io,ok,page names cumberland,https://www.cumberland.io/
Cyrus Capital Partners,cyruscapital.com,ok,page names cyrus,https://www.cyruscapital.com/
Czarnikow,czarnikow.com,ok,page names czarnikow,https://www.czarnikow.com/wp-signup.php?new=czarnikow.com
DBS Bank,dbs.com,ok,page names dbs,https://www.dbs.com/default.page
DE Shaw,deshaw.com,ok,page names shaw,https://www.deshaw.com/
DEPA Commercial,,ok,no domain claimed,
DESFA,,ok,no domain claimed,
DHT Holdings,dhtankers.com,ok,page names dht,https://www.dhtankers.com/
DNB,dnb.no,ok,page names dnb,https://www.dnb.no/
DRW,drw.com,ok,page names drw,https://www.drw.com/
DWS,dws.com,ok,page names dws,https://www.dws.com/en-us/
Dale Underwriting Partners,daleuw.com,ok,page names dale/underwriting,https://www.daleuw.com/
Dan-Bunkering,dan-bunkering.com,ok,page names dan/bunkering,https://dan-bunkering.com/
Danske Bank,danskebank.com,ok,page names danske,https://danskebank.com/
Danske Commodities,danskecommodities.com,ok,page names danske,https://danskecommodities.com/
Dartmouth Partners,dartmouthpartners.com,ok,page names dartmouth,https://www.dartmouthpartners.com/
Davidson Kempner,dkpartners.com,ok,page names davidson/kempner,https://www.davidsonkempner.com/
Dealogic,dealogic.com,ok,page names dealogic,https://dealogic.com/
Delfin Midstream,delfinlng.com,ok,page names delfin/midstream,https://delfinmidstream.com
Deloitte,deloitte.com,ok,page names deloitte,https://www.deloitte.com/us/en.html
Delta-EE,delta-ee.com,ok,page names delta,https://www.lcp.com/en/lcp-delta-standard-terms-and-conditions
Deltic Energy,delticenergy.com,ok,page names deltic,https://delticenergy.com/
Department for Energy Security and Net Zero,gov.uk,ok,page names gov,https://www.gov.uk/
Deribit,deribit.com,ok,page names deribit,https://www.deribit.com/
Deribit Europe,deribit.eu,ok,page names deribit,https://deribit.eu/
Deutsche Bank,db.com,ok,page names deutsche,https://www.db.com:443/
Deutsche Boerse,deutsche-boerse.com,ok,page names deutsche,https://deutsche-boerse.com/dbg-de/
Diamond Offshore,diamondoffshore.com,ok,page names offshore,https://noblecorp.com/
Dimensional Fund Advisors,dimensional.com,ok,page names dimensional/fund,https://www.dimensional.com/
Diversified Energy,div.energy,ok,page names diversified,https://www.div.energy/
Dorian LPG,dorianlpg.com,ok,page names dorian/lpg,https://dorianlpg.com/overview/default.aspx
Doric Shipbrokers,doric.gr,ok,page names doric/shipbrokers,https://www.doric.gr/
Dow Jones,dowjones.com,ok,page names dow/jones,https://www.dowjones.com/
Downing,downing.co.uk,ok,page names downing,https://www.downing.co.uk/
Dragon LNG,dragonlng.co.uk,ok,page names dragon/lng,https://www.dragonlng.co.uk/
Drax,drax.com,ok,page names drax,https://www.drax.com/
Drax Biomass,draxbiomass.com,ok,page names drax,https://www.drax.com/us/?source=draxbiomass
Dubai Financial Market,dfm.ae,ok,page names dubai,https://www.dfm.ae/
Dunedin,dunedin.com,ok,page names dunedin,https://www.dunedin.com/
Dunn Capital Management,dunncapital.com,ok,page names dunn,https://dunncapital.com/
Durlston Partners,durlstonpartners.com,ok,page names durlston,https://durlstonpartners.com/
E-Control,e-control.at,ok,page names control,https://www.e-control.at/
E3G,e3g.org,ok,page names e3g,https://www.e3g.org/
EBRD,,ok,no domain claimed,
ECOM Agroindustrial,ecomtrading.com,ok,page names ecom/agroindustrial,https://ecomtrading.com/
ED and F Man,edfman.com,ok,page names man,https://www.edfman.com/
EDF Energy,edfenergy.com,ok,page names edf,https://www.edfenergy.com:443/
EDF Group,edf.fr,ok,page names edf,https://www.edf.fr/
EDF Renewables UK,edf-re.uk,ok,page names edf,https://www.edf-powersolutions.uk/
EDP Energias de Portugal,edp.com,ok,page names edp,https://edp.com/en
EDP Renewables,edpr.com,ok,page names edp,https://edp.com/en/edprcom-has-new-home
EEX,eex.com,ok,page names eex,https://www.eex.com/en/
ELES Slovenia,eles.si,ok,page names eles,https://eles.si/
EMR Metal Recycling,emrgroup.com,ok,page names emr/metal/recycling,https://uk.emrgroup.com/
ENTSO-E,entsoe.eu,ok,page names entso,https://www.entsoe.eu/
ENTSOG,entsog.eu,ok,page names entsog,https://www.entsog.eu
EPEX Spot,epexspot.com,ok,page names epex/spot,https://www.epexspot.com/en
EQT,eqtgroup.com,ok,page names eqt,https://eqtgroup.com/
ERCE,erce.energy,ok,page names erce,https://sproule-erce.com/
ERG,erg.eu,ok,page names erg,https://www.erg.eu/it/home
ERM,erm.com,ok,page names erm,https://www.erm.com/
ESAI Energy,esaienergy.com,ok,page names esai,https://www.esaienergy.com/home
ETG Commodities,etgworld.com,ok,page names etg,https://etgworld.com/
EVN,evn.at,ok,page names evn,https://www.evn.at/
EWE Trading,ewe.com,ok,page names ewe,https://www.ewe.com:443/
EWZ Zurich,ewz.ch,ok,page names ewz,https://www.ewz.ch/en/private-customers.html
EY,ey.com,ok,page names ey,https://www.ey.com/en_us
Eagle Alpha,eaglealpha.com,ok,page names eagle/alpha,https://www.eaglealpha.com/
Eames Consulting,eamesconsulting.com,ok,page names eames/consulting,https://www.eamesconsulting.com/
Earthly,earthly.org,ok,page names earthly,https://earthly.org/
Eastman Chemical,eastman.com,ok,page names eastman/chemical,https://www.eastman.com/en
Ebury,ebury.com,ok,page names ebury,https://ebury.com/en-gb
Eclipse Trading,eclipsetrading.com,ok,page names eclipse,https://www.eclipsetrading.com/
EcoAct,eco-act.com,ok,page names ecoact,https://eco-act.com/
Ecobank,ecobank.com,ok,page names ecobank,https://ecobank.com/personal-banking
Ecobat,ecobat.com,ok,page names ecobat,https://ecobat.com/
Ecofin Global Utilities,ecofininvest.com,ok,page names ecofin,https://www.redwheel.com/uk/en/institutional/
Ecology Building Society,ecology.co.uk,ok,page names ecology/building/society,https://www.ecology.co.uk/
Economic Consulting Associates,eca-uk.com,ok,page names economic/consulting/associates,https://www.eca-uk.com/
Ecopetrol,ecopetrol.com.co,ok,page names ecopetrol,https://www.ecopetrol.com.co/wps/portal/
Ecosecurities,ecosecurities.com,ok,page names ecosecurities,https://ecosecurities.com/
Ecotricity,ecotricity.co.uk,ok,page names ecotricity,https://www.ecotricity.co.uk/
Edison,edison.it,ok,page names edison,https://www.edison.it/it/
EelPower,eelpower.co.uk,ok,page names eelpower,https://eelpower.co.uk/
Eesti Energia,energia.ee,ok,page names energia,https://www.enefit.ee/
Egdon Resources,egdon-resources.com,ok,page names egdon,https://www.egdon-resources.com/
Egerton Capital,egertoncapital.com,ok,page names egerton,https://www.egertoncapital.com/
Egon Zehnder,egonzehnder.com,ok,page names egon/zehnder,https://www.egonzehnder.com/
EirGrid,eirgrid.ie,ok,page names eirgrid,https://www.eirgrid.ie/
Eku Energy,ekuenergy.com,ok,page names eku,https://www.ekuenergy.com/en-gb
ElecLink,eleclink.co.uk,ok,page names eleclink,https://www.eleclink.co.uk/
Electron,electron.net,ok,page names electron,https://electron.net/
Elektrilevi,elektrilevi.ee,ok,page names elektrilevi,https://elektrilevi.ee/
Element Capital Management,elementcapital.com,ok,page names element,https://www.elementcapital.com/
Elementis,elementis.com,ok,page names elementis,https://www.elementis.com/
Elengy,elengy.com,ok,page names elengy,https://www.elengy.com:443/
Elering,elering.ee,ok,page names elering,https://elering.ee/
Elexon,elexon.co.uk,ok,page names elexon,https://www.elexon.co.uk/
Elexonhub,elexonportal.co.uk,ok,page names elexonportal,https://elexonportal.co.uk/news/latest?cachebust=n8lz3hevd3
Ellington Management,ellington.com,ok,page names ellington,https://www.ellington.com/
Elliott Management,elliottmgmt.com,ok,page names elliott,https://www.elliottmgmt.com/
Elliptic,elliptic.co,ok,page names elliptic,https://www.elliptic.co/
Elwood Technologies,elwood.io,ok,page names elwood,https://www.elwood.io/
Emergent Forest Finance,emergentclimate.com,ok,page names emergent/forest,https://www.emergentclimate.com/
Emirates NBD,emiratesnbd.com,ok,page names emirates/nbd,https://www.emiratesnbd.com/en
Empire Engineering,empireengineering.co.uk,ok,page names empire/engineering,https://www.empireengineering.co.uk/
Empyrean Energy,empyreanenergy.com,ok,page names empyrean,https://www.empyreanenergy.com/
EnAppSys,enappsys.com,ok,page names enappsys,https://www.enappsys.com/
EnBW,enbw.com,ok,page names enbw,https://www.enbw.com/
EnCap Investments,encapinvestments.com,ok,page names encap,https://encapinvestments.com/
EnQuest,enquest.com,ok,page names enquest,https://www.enquest.com/
Enagas,enagas.es,ok,page names enagas,https://www.enagas.es/es/
Enbridge,enbridge.com,ok,page names enbridge,https://www.enbridge.com/
Encavis,encavis.com,ok,page names encavis,https://www.encavis.com/en
Encompass Corporation,encompasscorporation.com,ok,page names encompass,https://www.encompasscorporation.com/
Encyclis,encyclis.com,ok,page names encyclis,https://www.encyclis.com/
Endesa,endesa.com,ok,page names endesa,https://www.endesa.com/
Enea,enea.pl,ok,page names enea,https://www.enea.pl/
Eneco,eneco.com,ok,page names eneco,https://www.eneco.nl/en/about-us/
Eneco Energy Trade,eneco.nl,ok,page names eneco,https://www.eneco.nl/
Enel,enel.com,ok,page names enel,https://www.enel.com/
Enel Global Trading,enel.it,ok,page names enel,https://www.enel.it/it-it
Enel Green Power,enelgreenpower.com,ok,page names enel/green/power,https://www.enelgreenpower.com/
Eneos,hd.eneos.co.jp,ok,page names eneos,https://www.hd.eneos.co.jp/
Enerdata,enerdata.net,ok,page names enerdata,https://www.enerdata.net:443/
Energa,energa.pl,ok,page names energa,https://www.energa.pl/dom
Energie Baden,enbw.de,ok,page names energie/baden,https://www.enbw.com/
Energie Steiermark,e-steiermark.com,ok,page names energie/steiermark,https://e-steiermark.com/privat
Energinet,energinet.dk,ok,page names energinet,https://www.energinet.dk/
Energy Aspects,energyaspects.com,ok,page names aspects,https://www.energyaspects.com/
Energy Edge,energyedge.com,ok,page names edge,https://energyedge.com/
Energy Exemplar,energyexemplar.com,ok,page names exemplar,https://www.energyexemplar.com/
Energy Intelligence,energyintel.com,ok,page names intelligence,https://www.energyintel.com/
Energy Resourcing,energyresourcing.com,ok,page names resourcing,https://www.airswift.com/news/airswift-completes-energy-resourcing-acquisition
Energy Systems Catapult,es.catapult.org.uk,ok,page names systems/catapult,https://es.catapult.org.uk/
Energy UK,energy-uk.org.uk,ok,page names energy,https://www.energy-uk.org.uk/
EnergyScan,energyscan.engie.com,ok,page names energyscan,https://energyscan.engie.com/
Enfinium,enfinium.co.uk,ok,page names enfinium,https://enfinium.co.uk/
Engie France,engie.fr,ok,page names engie/france,https://www.engie.fr:443/
Engie Global Markets,engie.com,ok,page names engie,https://www.engie.com:443/
Engine Capital,enginecap.com,ok,page names engine,https://enginecap.com/
Eni,eni.com,ok,page names eni,https://www.eni.com/en-IT/home.html
Enko Capital,enkocapital.com,ok,page names enko,https://enkocapital.com/
Enovos,enovos.lu,ok,page names enovos,https://www.enovos.lu/fr/
Enso Energy,ensoenergy.co.uk,ok,page names enso,https://ensoenergy.co.uk/
Enspired,enspired-trading.com,ok,page names enspired,https://www.enspired-trading.com/
Enverus,enverus.com,ok,page names enverus,https://www.enverus.com/
EnviaM,enviam.de,ok,page names enviam,https://www.enviam.de/
Enviva,enviva.com,ok,page names enviva,https://domains.atom.com/lpd/name/enviva.com
Enwell Energy,enwellenergy.com,ok,page names enwell,https://www.hugedomains.com/domain_profile.cfm?d=enwellenergy.com
Equinor,equinor.com,ok,page names equinor,https://www.equinor.com/
Equitix,equitix.co.uk,ok,page names equitix,https://equitix.com
Eramet,eramet.com,ok,page names eramet,https://www.eramet.com:443/en/
Erste Group,erstegroup.com,ok,page names erste,https://www.erstegroup.com/en/home
Essar Oil UK,essaroil.co.uk,ok,page names essar/oil,https://www.eetfuels.com/
Essent,essent.nl,ok,page names essent,https://www.essent.nl/
Estlander and Partners,estlanderpartners.com,ok,page names estlander,https://estlanderpartners.com/
Eunomia,eunomia.eco,ok,page names eunomia,https://eunomia.eco/
Eurazeo,eurazeo.com,ok,page names eurazeo,https://www.eurazeo.com/en
Eurex,eurex.com,ok,page names eurex,https://www.eurex.com/ex-en/
Euroclear,euroclear.com,ok,page names euroclear,https://www.euroclear.com/en.html
Euronext,euronext.com,ok,page names euronext,https://www.euronext.com/en
Europa Oil and Gas,europaoil.com,ok,page names europa/oil/gas,https://www.europaoil.com/
European Investment Bank,eib.org,ok,page names european,https://www.eib.org/en/index
Eustream,eustream.sk,ok,page names eustream,https://www.eustream.sk/sk/
Ev.energy,ev.energy,ok,page names energy,https://www.ev.energy/en-gb
Evelyn Partners,evelyn.com,ok,page names evelyn,https://www.evelyn.com/
Evenlode Investment,evenlodeinvestment.com,ok,page names evenlode,https://evenlodeinvestment.com/
Eventus Systems,eventus.com,ok,page names eventus,https://www.eventus.com/
Evercore,evercore.com,ok,page names evercore,https://www.evercore.com/
Everest Insurance,everestglobal.com,ok,page names everest,https://www.everestglobal.com/us-en
Everoze,everoze.com,ok,page names everoze,https://everoze.com/
Evolution Markets,evomarkets.com,ok,page names evolution,https://www.xpansiv.com/markets/evolution-markets
Evonik,evonik.com,ok,page names evonik,https://www.evonik.com/en.html
Exabel,exabel.com,ok,page names exabel,https://www.exabel.com/
Exagen,exagen.co.uk,ok,page names exagen,https://exagen.co.uk/
Excelerate Energy,excelerateenergy.com,ok,page names excelerate,https://excelerateenergy.com/
Exmar,exmar.be,ok,page names exmar,https://exmar.com/en/
ExodusPoint,exoduspoint.com,ok,page names exoduspoint,https://www.exoduspoint.com
Exolum,exolum.com,ok,page names exolum,https://exolum.com/
Expro Group,expro.com,ok,page names expro,https://www.expro.com/
ExxonMobil,exxonmobil.com,ok,page names exxonmobil,https://corporate.exxonmobil.com
FGE,fgenergy.com,ok,page names fge,https://fgenergy.com/
FGSZ,fgsz.hu,ok,page names fgsz,https://fgsz.hu/
FTI Consulting,fticonsulting.com,ok,page names fti/consulting,https://www.fticonsulting.com/
Fabric Ventures,fabric.vc,ok,page names fabric,https://www.fabric.vc/
FactSet,factset.com,ok,page names factset,https://www.factset.com/
FalconX,falconx.io,ok,page names falconx,https://www.falconx.io/
Farallon Capital,faralloncapital.com,ok,page names farallon,https://www.faralloncapital.com/
Fastmarkets,fastmarkets.com,ok,page names fastmarkets,https://www.fastmarkets.com/
Fearnley Securities,fearnleysecurities.com,ok,page names fearnley,https://fearnleysecurities.com/
Fearnleys,fearnleys.com,ok,page names fearnleys,https://fearnleys.com/
Featurespace,featurespace.com,ok,page names featurespace,https://www.featurespace.com/
Federated Hermes,federatedhermes.com,ok,page names federated/hermes,https://www.federatedhermes.com/us/campaigns/site.do
Federation of Oils Seeds and Fats Associations,fosfa.org,ok,page names federation/oils/seeds,https://www.fosfa.org/
Fenergo,fenergo.com,ok,page names fenergo,https://www.fenergo.com/
Ferrexpo,ferrexpo.com,ok,page names ferrexpo,https://www.ferrexpo.com/
Fichtner,fichtner.de,ok,page names fichtner,https://www.fichtner.de/
Fidelis Insurance,fidelisinsurance.com,ok,page names insurance,https://www.pelagosinsurancecapital.com/
Fidelity International,fidelityinternational.com,ok,page names fidelity,https://www.fidelityinternational.com/
Fidessa,fidessa.com,ok,page names fidessa,https://iongroup.com/products/markets/fidessa/
Fidra Energy,fidraenergy.com,ok,page names fidra,https://fidraenergy.com/
Field,field.energy,ok,page names field,https://www.field.energy/
Financial Conduct Authority,fca.org.uk,ok,page names conduct/authority,https://www.fca.org.uk/
Financial Times,ft.com,ok,page names times,https://www.ft.com/
Finastra,finastra.com,ok,page names finastra,https://www.finastra.com/
Findlay Park,findlaypark.com,ok,page names findlay/park,https://www.findlaypark.com/
Fingrid,fingrid.fi,ok,page names fingrid,https://www.fingrid.fi/
Finisterre Capital,finisterrecapital.com,ok,page names finisterre,https://finisterrecapital.com/
Finsbury Glover Hering,fgsglobal.com,ok,page names fgsglobal,https://fgsglobal.com/
Fireblocks,fireblocks.com,ok,page names fireblocks,https://www.fireblocks.com/
First Abu Dhabi Bank,bankfab.com,ok,page names first/abu/dhabi,https://www.bankfab.com/en-ae/personal
First Climate,firstclimate.com,ok,page names first/climate,https://www.firstclimate.com/
First Quantum Minerals,first-quantum.com,ok,page names first/quantum/minerals,https://www.first-quantum.com/
Fitch Ratings,fitchratings.com,ok,page names fitch/ratings,https://www.fitchratings.com/
Five Rings,fiverings.com,ok,page names five/rings,https://fiverings.com/
Flex LNG,flexlng.com,ok,page names flex/lng,https://www.flexlng.com/
Flexitricity,flexitricity.com,ok,page names flexitricity,https://flexitricity.com/
Florin Court Capital,florincourt.com,ok,page names florin/court,https://florincourt.com/
Flotation Energy,flotationenergy.com,ok,page names flotation,https://flotationenergy.com/
Flow Traders,flowtraders.com,ok,page names flow/traders,https://flowtraders.com/
Flowdesk,flowdesk.co,ok,page names flowdesk,https://www.flowdesk.co/
Fluence Energy,fluenceenergy.com,ok,page names fluence,https://fluenceenergy.com/
Fluor,fluor.com,ok,page names fluor,https://www.fluor.com/
Fluxys,fluxys.com,ok,page names fluxys,https://www.fluxys.com/
Force 9 Energy,force9energy.com,ok,page names force,https://force9energy.com/
Forensic Risk Alliance,forensicrisk.com,ok,page names forensic/risk/alliance,https://www.forensicrisk.com/
Foresight Group,foresightgroup.eu,ok,page names foresight,https://foresight.group/
Forliance,forliance.com,ok,page names forliance,https://forliance.com/
Fortress Investment Group,fortress.com,ok,page names fortress,https://www.fortress.com/
Franco-Nevada,franco-nevada.com,ok,page names franco/nevada,https://www.franco-nevada.com/home/default.aspx
Franklin Templeton,franklintempleton.com,ok,page names franklin/templeton,https://www.franklintempleton.com
Fratelli Cosulich Bunkers,cosulichgroup.com,ok,page names cosulich,https://www.cosulichgroup.com/
Fred Olsen Renewables,fredolsenrenewables.com,ok,page names fred/olsen/renewables,https://fredolsenrenewables.com/
Freepoint Commodities,freepoint.com,ok,page names freepoint,https://www.freepoint.com/
Freeport LNG,freeportlng.com,ok,page names freeport/lng,https://freeportlng.com/
Freestone Grove Partners,freestonegrove.com,ok,page names freestone/grove,https://fgrovep.com/
Freight Investor Services,freightinvestorservices.com,ok,page names freight/investor/services,https://freightinvestorservices.com/
Freightos,freightos.com,ok,page names freightos,https://www.freightos.com/
Frontier Agriculture,frontierag.co.uk,ok,page names frontier/agriculture,https://www.frontierag.co.uk/
Frontier Economics Australia,frontier-economics.com.au,ok,page names frontier/economics,https://www.frontier-economics.com.au/
Frontline,frontline.bm,ok,page names frontline,https://www.frontlineplc.cy/
Fundsmith,fundsmith.co.uk,ok,page names fundsmith,https://www.fundsmith.co.uk/
Fuse Energy,fuse.energy,ok,page names fuse,https://fuse.energy/
Futures Industry Association,fia.org,ok,page names futures,https://www.fia.org/
Fuuse,fuuse.io,ok,page names fuuse,https://fuuse.io/
G-Research,gresearch.com,ok,page names research,https://www.gresearch.com/
GAM Investments,gam.com,ok,page names gam,https://www.gam.com/
GE Vernova,gevernova.com,ok,page names vernova,https://www.gevernova.com/
GEN-I,gen-i.si,ok,page names gen,https://gen-i.si/
GH Financials,ghf.com,ok,page names ghf,https://ghf.com/
GMO,gmo.com,ok,page names gmo,https://www.gmo.com/
GS Caltex,gscaltex.com,ok,page names caltex,https://www.gscaltex.com/kr/
GSA Capital,gsacapital.com,ok,page names gsa,https://gsacapital.com/
GSR,gsr.io,ok,page names gsr,https://www.gsr.io/
Galaxy Digital,galaxy.com,ok,page names galaxy/digital,https://www.galaxy.com/
Galena Asset Management,galena-invest.com,ok,page names galena,https://galena-invest.com/
Gallagher,ajg.com,ok,page names gallagher,https://www.ajg.com/
Galp Energia,galp.com,ok,page names galp,https://www.galp.com/es/
Galp Power,galp.pt,ok,page names galp,https://www.galp.com/pt/
Gas Networks Ireland,gasnetworks.ie,ok,page names gas/networks/ireland,https://www.gasnetworks.ie/
GasLog,gaslogltd.com,ok,page names gaslog,https://www.gaslogltd.com/
Gascade,gascade.de,ok,page names gascade,https://www.gascade.de/
Gasgrid Finland,gasgrid.fi,ok,page names gasgrid,https://gasgrid.fi/
Gasum,gasum.com,ok,page names gasum,https://www.gasum.com/en/
Gasunie,gasunie.nl,ok,page names gasunie,https://www.gasunie.nl/
Gatemore Capital,gatemore.com,ok,page names gatemore,https://gatemore.com/
Gaz-System,gaz-system.pl,ok,page names gaz/system,https://www.gaz-system.pl/pl
Gelber Group,gelbergroup.com,ok,page names gelber,https://www.gelbergroup.com/
Gemini,gemini.com,ok,page names gemini,https://www.gemini.com/
Gemsstock,gemsstock.com,ok,page names gemsstock,https://www.gemsstock.fund/
Genel Energy,genelenergy.com,ok,page names genel,https://genelenergy.com/
General Atlantic,generalatlantic.com,ok,page names general/atlantic,https://www.generalatlantic.com/
General Index,general-index.com,ok,page names general/index,https://www.general-index.com/
Getec,getec.de,ok,page names getec,https://www.getec.de
Gibson Shipbrokers,gibsons.co.uk,ok,page names gibson/shipbrokers,https://www.gibsons.co.uk/
Gladstone Capital,gladstonecapital.com,ok,page names gladstone,https://www.gladstonecapital.com/
Glazer Capital,glazercapital.com,ok,page names glazer,https://www.glazercapital.com/
Glencore,glencore.com,ok,page names glencore,https://www.glencore.com/
Glencore Recycling,glencorerecycling.com,ok,page names glencore/recycling,https://www.glencore.com/what-we-do/recycling
Glenfarne Energy Transition,glenfarnegroup.com,ok,page names glenfarne,https://glenfarnegroup.com/
Glennmont Partners,glennmont.com,ok,page names glennmont,https://www.glennmont.com/
Global Relay,globalrelay.com,ok,page names relay,https://www.globalrelay.com/
GlobalData,globaldata.com,ok,page names globaldata,https://www.globaldata.com/
GoCardless,gocardless.com,ok,page names gocardless,https://gocardless.com/en-us
Golar LNG,golarlng.com,ok,page names golar/lng,https://www.golarlng.com/
Gold Standard,goldstandard.org,ok,page names gold/standard,https://goldstandard.org/
Golden Agri-Resources,goldenagri.com.sg,ok,page names golden/agri,https://www.golden-agri.com/
Golden Pass LNG,goldenpasslng.com,ok,page names golden/pass/lng,https://www.goldenpasslng.com/
Goldenwood Capital,goldenwoodcapital.com,ok,page names goldenwood,https://goldenwoodcapital.com/
Goldman Sachs,goldmansachs.com,ok,page names goldman/sachs,https://www.goldmansachs.com/
Good Energy,goodenergy.co.uk,ok,page names good,https://www.goodenergy.co.uk/
Goodman Masson,goodmanmasson.com,ok,page names goodman/masson,https://www.goodmanmasson.com/
Gore Street Capital,gorestreetcap.com,ok,page names gore/street,https://www.gorestreetcap.com/
Gore Street Energy Storage Fund,gsenergystoragefund.com,ok,page names gore/street/storage,https://gsenergystoragefund.com/
Goteborg Energi,goteborgenergi.se,ok,page names energi,https://www.goteborgenergi.se/
Graanul Invest,graanulinvest.com,ok,page names graanul/invest,https://graanulinvest.com/
Graham Capital Management,grahamcapital.com,ok,page names graham,https://www.grahamcapital.com/
Grain LNG,grainlng.com,ok,page names grain/lng,https://grainlng.com/
Grain and Feed Trade Association,gafta.com,ok,page names gafta,https://www.gafta.com/
GrainCorp,graincorp.com.au,ok,page names graincorp,https://www.graincorp.com.au/
Grant Thornton,grantthornton.co.uk,ok,page names grant/thornton,https://www.grantthornton.co.uk/
Grasshopper Asia,grasshopperasia.com,ok,page names grasshopper/asia,https://grasshopperasia.com/
Great British Energy,gbe.gov.uk,ok,page names great/british,https://www.gbe.gov.uk/
Green Alliance,green-alliance.org.uk,ok,page names green/alliance,https://green-alliance.org.uk/
Green Fuels,greenfuels.co.uk,ok,page names green/fuels,https://greenfuels.co.uk/
Green Nation,greennation.co.uk,ok,page names green/nation,https://greennation.co.uk/
Greenchoice,greenchoice.nl,ok,page names greenchoice,https://www.greenchoice.nl/
Greencoat UK Wind,greencoat-ukwind.com,ok,page names greencoat/wind,https://www.greencoat-ukwind.com/
Greenergy,,ok,no domain claimed,
Greenfield Capital,greenfield.xyz,ok,page names greenfield,https://greenfieldcapital.com/?migrated=1
Greenlink Interconnector,greenlink.ie,ok,page names greenlink/interconnector,https://greenlink.ie/
Grenergy,grenergy.eu,ok,page names grenergy,https://grenergy.eu/
Gresham House,greshamhouse.com,ok,page names gresham/house,https://greshamhouse.com/
Grid Edge,gridedge.co.uk,ok,page names grid/edge,https://gridedge.ai
Gridserve,gridserve.com,ok,page names gridserve,https://www.gridserve.com/
Griffin Markets,griffinmarkets.com,ok,page names griffin,https://griffinmarkets.com/
Group One Trading,group1.com,ok,page names one,https://group1.com/
Groupe E,groupe-e.ch,ok,page names groupe,https://www.groupe-e.ch/fr
Grupa Lotos,,ok,no domain claimed,
Grupo Mexico,gmexico.com,ok,page names grupo,https://www.gmexico.com/
Guidehouse,guidehouse.com,ok,page names guidehouse,https://guidehouse.com/
Guidepoint,guidepoint.com,ok,page names guidepoint,https://www.guidepoint.com/
Guinness Global Investors,guinnessgi.com,ok,page names guinness/investors,https://www.guinnessgi.com/
Gulf Keystone Petroleum,gulfkeystone.com,ok,page names gulf/keystone/petroleum,https://www.gulfkeystone.com/
Gunvor,gunvorgroup.com,ok,page names gunvor,https://gunvorgroup.com/
Gunvor Services,gunvor.com,ok,page names gunvor,https://www.gunvor.com/
HC Group,hcgroup.global,ok,page names group,https://hcgroup.global/
HEP Croatia,hep.hr,ok,page names hep,https://www.hep.hr/
HOPS Croatia,hops.hr,ok,page names hops,https://hops.hr/
HSBC,hsbc.com,ok,page names hsbc,https://www.hsbc.com/
HUPX,hupx.hu,ok,page names hupx,https://hupx.hu/
Habib Bank,hbl.com,ok,page names hbl,https://www.hbl.com/
Habitat Energy,habitat.energy,ok,page names habitat,https://habitat.energy/
Hafnia,hafniabw.com,ok,page names hafnia,https://hafnia.com/
Hafslund,hafslund.no,ok,page names hafslund,https://www.hafslund.no/no
Haidar Capital Management,haidarcapital.com,ok,page names haidar,https://www.haidarcapital.com/
Halliburton,halliburton.com,ok,page names halliburton,https://www.halliburton.com/
Hamilton Insurance,hamiltongroup.com,ok,page names hamilton/insurance,https://www.hamiltongroup.com/
Hampden and Co,hampdenandco.com,ok,page names hampden,https://www.hampdenbank.com/
Handelsbanken,handelsbanken.com,ok,page names handelsbanken,https://www.handelsbanken.com/en/
Hannam and Partners,hannam.partners,ok,page names hannam,https://hannam.partners/
Hannover Re,hannover-re.com,ok,page names hannover,https://www.hannover-re.com:443/en/
Harbour Energy,harbourenergy.com,ok,page names harbour,https://www.harbourenergy.com/
Hargreaves Lansdown,hl.co.uk,ok,page names hargreaves/lansdown,https://www.hl.co.uk/
Harmony Energy,harmonyenergy.co.uk,ok,page names harmony,https://harmonyenergy.co.uk/
Harmony Gold,harmony.co.za,ok,page names harmony/gold,https://www.harmony.co.za/
Harrington Starr,harringtonstarr.com,ok,page names harrington/starr,https://www.harringtonstarr.com/
Harwood Capital,harwoodcapital.co.uk,ok,page names harwood,https://www.harwoodcapital.co.uk/
Hashdex,hashdex.com,ok,page names hashdex,https://hashdex.com/en-US/
Havelock London,havelocklondon.com,ok,page names havelock,https://www.havelocklondon.com/
Hayfin Capital Management,hayfin.com,ok,page names hayfin,https://www.hayfin.com/
Hays,hays.co.uk,ok,page names hays,https://www.hays.co.uk/
Headlands Technologies,headlandstech.com,ok,page names headlands/technologies,https://headlandstech.com/
Heidrick and Struggles,heidrick.com,ok,page names heidrick/struggles,https://www.heidrick.com/en
Helen Oy,helen.fi,ok,page names helen,https://www.helen.fi/
Helix Energy Solutions,helixesg.com,ok,page names helix/solutions,https://helixesg.com/
Hellenic Petroleum,helpe.gr,ok,page names petroleum,https://www.helpe.gr/
Helm AG,helmag.com,ok,page names helm,https://www.helmag.com/
Heptagon Capital,heptagon-capital.com,ok,page names heptagon,https://heptagon-capital.com/
Heraeus Precious Metals,heraeus-precious-metals.com,ok,page names heraeus/precious/metals,https://www.heraeus-precious-metals.com:443/en/
Heron Energy,,ok,no domain claimed,
Hg,hgcapital.com,ok,page names hg,https://hgcapital.com/
Hidden Road,hiddenroad.com,ok,page names hidden/road,https://ripple.com/solutions/prime-brokerage/
Hindalco,hindalco.com,ok,page names hindalco,https://www.hindalco.com/
Hiscox,hiscoxgroup.com,ok,page names hiscox,https://www.hiscoxgroup.com/
Hitachi Energy,hitachienergy.com,ok,page names hitachi,https://www.hitachienergy.com/
Hochschild Mining,hochschildmining.com,ok,page names hochschild/mining,https://hochschildmining.com/
Hoegh Evi,hoeghevi.com,ok,page names evi,https://hoeghevi.com/
Hosking Partners,hoskingpartners.com,ok,page names hosking,https://www.hoskingpartners.com/
Houlihan Lokey,hl.com,ok,page names houlihan/lokey,https://hl.com/
Howden Group,howdengroup.com,ok,page names howden,https://www.howdengroup.com/us-en
Howe Robinson Partners,howerobinson.com,ok,page names howe/robinson,https://www.howerobinson.com/
Hudbay Minerals,hudbayminerals.com,ok,page names hudbay/minerals,https://hudbayminerals.com/home/default.aspx
Hudson Bay Capital,hudsonbaycapital.com,ok,page names hudson/bay,https://www.hudsonbaycapital.com/
Hudson River Trading,hudsonrivertrading.com,ok,page names hudson/river,https://www.hudsonrivertrading.com/
Huxley,huxley.com,ok,page names huxley,https://www.huxley.com/en-us/
Hymans Robertson,hymans.co.uk,ok,page names hymans/robertson,https://www.hymans.co.uk/
Hyundai Corporation,hyundaicorp.com,ok,page names hyundai,https://www.hyundaicorp.com/
ICE Clear Europe,theice.com/clear-europe,ok,page names ice/clear/europe,https://www.ice.com/clear-europe
ICICI Bank,icicibank.com,ok,page names icici,https://www.icici.bank.in/
ICIS,icis.com,ok,page names icis,https://www.icis.com/explore/
ICMA,icmagroup.org,ok,page names icma,https://www.icmagroup.org/
IMC Trading,imc.com,ok,page names imc,https://www.imc.com:443/us/
IMCD,imcdgroup.com,ok,page names imcd,https://www.imcdgroup.com:443/
ING,ing.com,ok,page names ing,https://ing.com/
ION Group,iongroup.com,ok,page names ion,https://iongroup.com/
IPTO Greece,admie.gr,ok,page names admie,https://www.admie.gr/
ISAM,isam.com,ok,page names isam,https://isam.com/
ISDA,,ok,no domain claimed,
IWB Basel,iwb.ch,ok,page names iwb/basel,https://www.iwb.ch/
Ib Vogt,ibvogt.com,ok,page names vogt,https://www.ibvogt.com/
Idemitsu Kosan,,ok,no domain claimed,
Ifchor Galbraiths,ifchorgalbraiths.com,ok,page names ifchor/galbraiths,https://ifchorgalbraiths.com/
Ignitis Group,ignitisgrupe.lt,ok,page names ignitis,https://ignitisgrupe.lt/
Ilex Capital,ilexcapital.com,ok,page names ilex,https://ilexcapital.com/
Illwerke VKW,illwerkevkw.at,ok,page names illwerke/vkw,https://www.illwerkevkw.at/
Ilmarinen,ilmarinen.fi,ok,page names ilmarinen,https://www.ilmarinen.fi/
Impala Platinum,implats.co.za,ok,page names implats,https://www.implats.co.za/
Impax Asset Management,impaxam.com,ok,page names impax,https://impaxam.com/
Impax Environmental Markets,impaxenvironmentalmarkets.co.uk,ok,page names impax/environmental,https://www.iemplc.co.uk/
InCommodities,incommodities.com,ok,page names incommodities,https://incommodities.com/
Independent Franchise Partners,franchisepartners.com,ok,page names independent/franchise,https://www.franchisepartners.com
Ineos,ineos.com,ok,page names ineos,https://www.ineos.com/
Inflexion Private Equity,inflexion.com,ok,page names inflexion/private/equity,https://www.inflexion.com/
InfraRed Capital Partners,ircp.com,ok,page names infrared,https://www.ircp.com/
InfraVia Capital Partners,infraviacapital.com,ok,page names infravia,https://infraviacapital.com/
Inigo,inigoinsurance.com,ok,page names inigo,https://inigoinsurance.com/
Inpex,inpex.co.jp,ok,page names inpex,https://www.inpex.com/
Insight Investment,insightinvestment.com,ok,page names insight,https://www.insightinvestment.com/united-states/
Instinet,instinet.com,ok,page names instinet,https://www.instinet.com/
Intech Investment Management,intechinvestments.com,ok,page names intech,https://www.intechinvestments.com/
Integr8 Fuels,integr8fuels.com,ok,page names integr8/fuels,https://integr8fuels.com/
Interactive Brokers,interactivebrokers.com,ok,page names interactive/brokers,https://www.interactivebrokers.com/
Interactive Investor,ii.co.uk,ok,page names interactive/investor,https://www.ii.co.uk
Intercontinental Exchange,ice.com,ok,page names ice,https://www.ice.com/index
Intermediate Capital Group,,ok,no domain claimed,
Intermodal Shipbrokers,intermodal.gr,ok,page names intermodal,https://www.intermodal.gr/
International Aluminium Institute,international-aluminium.org,ok,page names aluminium/institute,https://international-aluminium.org/
International Chamber of Shipping,ics-shipping.org,ok,page names chamber/shipping,https://www.ics-shipping.org/
International Cocoa Organization,icco.org,ok,page names cocoa/organization,https://www.icco.org/
International Coffee Organization,ico.org,ok,page names coffee/organization,https://ico.org/
International Copper Study Group,icsg.org,ok,page names copper/study,https://icsg.org/
International Grains Council,igc.int,ok,page names grains/council,https://igc.int/en/default.aspx
International Lead and Zinc Study Group,ilzsg.org,ok,page names lead/zinc/study,https://www.ilzsg.org/
International Seaways,intlseas.com,ok,page names seaways,https://intlseas.com/overview/default.aspx
International Sugar Organization,isosugar.org,ok,page names sugar/organization,https://isosugar.org/
International Wrought Copper Council,coppercouncil.org,ok,page names wrought/copper/council,https://www.coppercouncil.org/
Intertek,intertek.com,ok,page names intertek,https://www.intertek.com/
Interunity,interunity.com,ok,page names interunity,https://interunity.com/
Intesa Sanpaolo,intesasanpaolo.com,ok,page names intesa/sanpaolo,https://www.intesasanpaolo.com/
Invesco,invesco.com,ok,page names invesco,https://www.invesco.com/us/en/country-splash.html
Investec,investec.com,ok,page names investec,https://www.investec.com/en_us.html
Investment Association,theia.org,ok,page names association,https://www.theia.org/
Ion Markets,iongroup.com/markets,ok,page names ion,https://iongroup.com/markets/
Ipanema Coffee,ipanemacoffees.com.br,ok,page names ipanema/coffee,https://ipanemacoffees.com.br/en-us/
Iren,gruppoiren.it,ok,page names iren,https://gruppoiren.it/
Isio,isio.com,ok,page names isio,https://www.isio.com/
Isometric,isometric.com,ok,page names isometric,https://isometric.com/
Ithaca Energy,ithacaenergy.com,ok,page names ithaca,https://www.ithacaenergy.com/
Itochu Europe,itochu.eu,ok,page names itochu,https://www.fruits.co/en/domain/itochu.eu
Ivanhoe Mines,ivanhoemines.com,ok,page names ivanhoe/mines,https://www.ivanhoemines.com/
J O Hambro Capital Management,johcm.com,ok,page names hambro,https://www.johcm.com/
JB Cocoa,jbcocoa.com,ok,page names cocoa,https://www.jbcocoa.com/
JBC Energy,jbcenergy.com,ok,page names jbc,https://www.kpler.com:443/blog/kpler-acquires-jbc-energy-and-consolidates-its-leadership-in-commodity-data-analytics
JLEN Environmental Assets,jlen.com,ok,page names jlen/environmental/assets,https://www.fgen.com/
JPMorgan,jpmorganchase.com,ok,page names jpmorgan,https://www.jpmorganchase.com/
JSW Steel,jsw.in,ok,page names jsw/steel,https://www.jsw.in/
Jacobs,jacobs.com,ok,page names jacobs,https://www.jacobs.com/
Jamtkraft,jamtkraft.se,ok,page names jamtkraft,https://www.jamtkraft.se/privat/
Jane Street,janestreet.com,ok,page names jane/street,https://www.janestreet.com:443/
Janus Henderson,janushenderson.com,ok,page names janus/henderson,https://www.janushenderson.com/en-us/
Jefferies,jefferies.com,ok,page names jefferies,https://www.jefferies.com/
Jersey Oil and Gas,jerseyoilandgas.com,ok,page names jersey/oil/gas,https://www.jerseyoilandgas.com/
Johannesburg Stock Exchange,jse.co.za,ok,page names stock/exchange,https://www.jse.co.za/
Johnson Matthey,matthey.com,ok,page names johnson/matthey,https://matthey.com/
Jump Trading,jumptrading.com,ok,page names jump,https://www.jumptrading.com/
Jupiter Asset Management,jupiteram.com,ok,page names jupiter,https://jupiteram.com/global/en/corporate/
KBR,kbr.com,ok,page names kbr,https://www.kbr.com/en
KKR,kkr.com,ok,page names kkr,https://www.kkr.com/
KPI OceanConnect,kpioceanconnect.com,ok,page names kpi/oceanconnect,https://kpioceanconnect.com/
KPMG,kpmg.com,ok,page names kpmg,https://kpmg.com/xx/en.html
Kaiko,kaiko.com,ok,page names kaiko,https://www.kaiko.com/
Kairos Partners,kairospartners.com,ok,page names kairos,https://www.kairospartners.com/
Kaizen Reporting,kaizenreporting.com,ok,page names kaizen/reporting,https://www.kaizenreporting.com/
Kaluza,kaluza.com,ok,page names kaluza,https://www.kaluza.com/
Kantar,kantar.com,ok,page names kantar,https://www.kantar.com/
Karbon-X,karbon-x.com,ok,page names karbon,https://www.karbon-x.com/
Karoon Energy,karoonenergy.com.au,ok,page names karoon,https://www.karoonenergy.com.au/
Kayne Anderson,kaynecapital.com,ok,page names kayne/anderson,https://kayneanderson.com/
Kayrros,kayrros.com,ok,page names kayrros,https://www.kayrros.com/
KazMunayGas,,ok,no domain claimed,
Kearney,kearney.com,ok,page names kearney,https://www.kearney.com/
Kensho,kensho.com,ok,page names kensho,https://kensho.com/
Kepler Cheuvreux,keplercheuvreux.com,ok,page names kepler/cheuvreux,https://www.keplercheuvreux.com/en/
Keppel,kepcorp.com,ok,page names keppel,https://www.keppel.com/
Kimberlite Research,kimberliteresearch.com,ok,page names kimberlite/research,https://www.kimberliteresearch.com/
Kinder Morgan,kindermorgan.com,ok,page names kinder/morgan,https://kindermorgan.com/
King Street Capital Management,kingstreet.com,ok,page names king/street,https://www.kingstreet.com/
Kintbury Capital,kintburycapital.com,ok,page names kintbury,https://kintburycapital.com/
Kirkoswald Asset Management,kirkoswald.com,ok,page names kirkoswald,https://kirkoswald.com/
Kistos,kistosplc.com,ok,page names kistos,https://kistosplc.com/
Kite Lake Capital,kitelake.com,ok,page names kite/lake,https://www.kitelake.com/
Knutsen,knutsenoas.com,ok,page names knutsen,https://knutsenoas.com/
Kona Energy,konaenergy.co.uk,ok,page names kona,https://www.konaenergy.co.uk/
Korea Exchange,,ok,no domain claimed,
Korn Ferry,kornferry.com,ok,page names korn/ferry,https://www.kornferry.com/
Kpler,kpler.com,ok,page names kpler,https://www.kpler.com/
Kraken,kraken.com,ok,page names kraken,https://www.kraken.com/
Kraken Technologies,kraken.tech,ok,page names kraken,https://www.kraken.tech/
Kroll,kroll.com,ok,page names kroll,https://www.kroll.com/en
Kuwait Petroleum,kpc.com.kw,ok,page names kuwait/petroleum,https://www.kpc.com.kw/
LCH,lch.com,ok,page names lch,https://www.lseg.com/en/post-trade/clearing
LCP Delta,lcp.com,ok,page names lcp,https://www.lcp.com/en
LEAG,leag.de,ok,page names leag,https://www.leag.de/de/
LEK Consulting,lek.com,ok,page names consulting,https://www.lek.com/
LGT Wealth Management,lgtwm.com,ok,page names lgt/wealth,https://www.lgtwm.com/uk-en
LMAX Group,lmax.com,ok,page names lmax,https://www.lmax.com/
LMR Partners,lmrpartners.com,ok,page names lmr,https://lmrpartners.com/
LSEG,lseg.com,ok,page names lseg,https://www.lseg.com/en
Lahti Energia,lahtienergia.fi,ok,page names lahti/energia,https://www.lahtienergia.fi/
Lansdowne Partners,lansdownepartners.com,ok,page names lansdowne,https://www.lansdownepartners.com/london/
Latvenergo,latvenergo.lv,ok,page names latvenergo,https://latvenergo.lv/lv
Lazard,lazard.com,ok,page names lazard,https://lazard.com/
Lazard Asset Management,lazardassetmanagement.com,ok,page names lazard,https://www.lazardassetmanagement.com/entry?relTargetURL=home
Lechwerke,lew.de,ok,page names lew,https://www.lew.de/
Ledger,ledger.com,ok,page names ledger,https://www.ledger.com/
Levelise,levelise.com,ok,page names levelise,https://www.levelise.com/
Liberty Specialty Markets,libertyspecialtymarkets.com,ok,page names liberty/specialty,https://www.libertyspecialtymarkets.com/
Liberty Steel,libertysteelgroup.com,ok,page names liberty/steel,https://libertysteelgroup.com/
Lightsource bp,lightsourcebp.com,ok,page names lightsource,https://lightsourcebp.com/
Lignetics,lignetics.com,ok,page names lignetics,https://lignetics.com/
Limejump,limejump.com,ok,page names limejump,https://www.shell.com/shellenergy/shell-energy-europe/power-portfolio/limejump-energy-limited.html
Lindsell Train,lindselltrain.com,ok,page names lindsell/train,https://www.lindselltrain.com/
Liontrust,liontrust.co.uk,ok,page names liontrust,https://www.liontrust.com/
Liquidnet,liquidnet.com,ok,page names liquidnet,https://www.liquidnet.com/
Litasco,litasco.com,ok,page names litasco,https://litasco.com/en
Litgrid,litgrid.eu,ok,page names litgrid,https://www.litgrid.eu/
Livingbridge,livingbridge.com,ok,page names livingbridge,https://www.livingbridge.com/
Lloyds Banking Group,lloydsbankinggroup.com,ok,page names lloyds,https://www.lloydsbankinggroup.com/
Lloyds List Intelligence,lloydslistintelligence.com,ok,page names list/intelligence,https://www.lloydslistintelligence.com/
Lockton,lockton.com,ok,page names lockton,https://global.lockton.com/us/en
Locogen,locogen.com,ok,page names locogen,https://locogen.com/
Lodbrok Capital,lodbrokcapital.com,ok,page names lodbrok,https://lodbrokcapital.com/
Lombard Odier Investment Managers,lombardodier.com,ok,page names lombard/odier,https://www.lombardodier.com/home.html
London Bullion Market Association,lbma.org.uk,ok,page names lbma,https://www.lbma.org.uk/
London Platinum and Palladium Market,lppm.com,ok,page names platinum/palladium,https://lppm.com/
Lorentzen and Co,lorentzen.no,ok,page names lorentzen,https://www.lorentzen.no/
Los Angeles Capital,lacapm.com,ok,page names los/angeles,https://lacapm.com/
Louis Dreyfus Coffee,ldc.co.uk,ok,page names ldc,https://ldc.co.uk/
Low Carbon,lowcarbon.com,ok,page names low/carbon,https://www.lowcarbon.com/
Low Carbon Contracts Company,lowcarboncontracts.uk,ok,page names low/carbon/contracts,https://www.lowcarboncontracts.uk:443/
Lukoil,lukoil.com,ok,page names lukoil,https://lukoil.com/
Luminus,luminus.be,ok,page names luminus,https://www.luminus.be/nl/prive/
Lundin Mining,lundinmining.com,ok,page names lundin/mining,https://lundinmining.com/
Luno,luno.com,ok,page names luno,https://www.luno.com/
Lynx Asset Management,lynxhedge.se,ok,page names lynx,https://www.lynxhedge.se/en/
LyondellBasell,lyondellbasell.com,ok,page names lyondellbasell,https://www.lyondellbasell.com/
Lyse,lyse.no,ok,page names lyse,https://www.lyse.no/
MAVIR,mavir.hu,ok,page names mavir,https://mavir.hu/web/mavir/home
MEFF,meff.es,ok,page names meff,https://www.meff.es/esp/
MET Group,met.com,ok,page names met,https://met.com/en/
MHP,,ok,no domain claimed,
MJLF Associates,mjlf.com,ok,page names mjlf/associates,https://www.mjlf.com/
MOL Group,molgroup.info,ok,page names mol,https://molgroup.info/en
MSCI,msci.com,ok,page names msci,https://www.msci.com/
MVM Group,mvm.hu,ok,page names mvm,https://mvm.hu/
MVV Trading,mvv.de,ok,page names mvv,https://www.mvv.de/
Macquarie,macquarie.com,ok,page names macquarie,https://www.macquarie.com/us/en.html
Maersk,maersk.com,ok,page names maersk,https://www.maersk.com/
Maersk Broker,maerskbroker.com,ok,page names broker,https://mbshipbrokers.com/
Mako Group,makoglobal.com,ok,page names mako,https://www.mako.com/
Marathon Asset Management,marathon.co.uk,ok,page names marathon,https://www.marathon.co.uk/
Marathon Asset Management US,marathonfund.com,ok,page names marathon,https://www.marathonfund.com/
Marcegaglia,marcegaglia.com,ok,page names marcegaglia,https://www.marcegaglia.com/officialwebsite/
Marex,marex.com,ok,page names marex,https://www.marex.com:443/
Marex Solutions,marexsolutions.com,ok,page names marex/solutions,https://solutions.marex.com:443/
MarineTraffic,marinetraffic.com,ok,page names marinetraffic,https://www.marinetraffic.com/
Maritime Strategies International,msiltd.com,ok,page names maritime/strategies,https://msiltd.com/
Markel International,markel.com,ok,page names markel,https://www.markel.com/
MarketAxess,marketaxess.com,ok,page names marketaxess,https://www.marketaxess.com/
Marlborough,marlboroughgroup.com,ok,page names marlborough,https://www.marlboroughgroup.com/
Marqeta,marqeta.com,ok,page names marqeta,https://www.marqeta.com/
Marsh McLennan,marshmclennan.com,ok,page names marsh/mclennan,https://www.corporate.marsh.com/global/home.html
Marshall Wace,mwam.com,ok,page names marshall/wace,https://www.mwam.com/
Marubeni Europe,marubeni-europe.com,ok,page names marubeni/europe,https://europe.marubeni.com/
Mashreq,mashreq.com,ok,page names mashreq,https://www.mashreq.com/en/uae/neo/
Maven 11,maven11.com,ok,page names maven,https://maven11.com/
Maven Securities,mavensecurities.com,ok,page names maven,https://www.mavensecurities.com/
McQuilling Partners,mcquilling.com,ok,page names mcquilling,https://mcquilling.com/
Mediobanca,mediobanca.com,ok,page names mediobanca,https://www.mediobanca.com/
Melqart Asset Management,melqart.com,ok,page names melqart,https://melqart.com/
Mercer Investments,mercer.com,ok,page names mercer,https://www.mercer.com/en-us/
Mercon Coffee,mercon.com,ok,page names mercon,https://www.mercon.com/
Mercuria Energy Trading UK,mercuria.co.uk,ok,page names mercuria,https://mercuria.co.uk/
MetLife Investment Management,metlife.com,ok,page names metlife,https://www.metlife.com/
Metacapital,metacapital.com,ok,page names metacapital,https://metacapital.com/
Metalor,metalor.com,ok,page names metalor,https://metalor.com/
Metdist,metdist.com,ok,page names metdist,https://metdist.com/
Michael Page,michaelpage.co.uk,ok,page names michael/page,https://www.michaelpage.co.uk/
Milkywire,milkywire.com,ok,page names milkywire,https://milkywire.com/
Millburn Ridgefield,millburn.com,ok,page names millburn/ridgefield,https://millburn.com/
Millennium,mlp.com,ok,page names millennium,https://www.mlp.com/
Minerva Bunkering,minervabunkering.com,ok,page names minerva/bunkering,https://www.minervabunkering.com/
Mint Tower Capital,minttower.com,ok,page names mint/tower,https://minttowercapital.com/
Mizuho,mizuhogroup.com,ok,page names mizuho,https://www.mizuhogroup.com/
Modo Energy,modoenergy.com,ok,page names modo,https://modoenergy.com/
Modo Energy Research,modo.energy,ok,page names modo/research,https://modoenergy.com
Modulr,modulrfinance.com,ok,page names modulr,https://www.modulrfinance.com:443/
Moelis and Company,moelis.com,ok,page names moelis,https://www.moelis.com/
Monarch Alternative Capital,monarchlp.com,ok,page names monarch/alternative,https://www.monarchlp.com
Mondrian Alpha,mondrian-alpha.com,ok,page names mondrian/alpha,https://www.mondrian-alpha.com/
Monjasa,monjasa.com,ok,page names monjasa,https://monjasa.com/
Montanaro Asset Management,montanaro.co.uk,ok,page names montanaro,https://montanaro.co.uk/
Montel,montelnews.com,ok,page names montel,https://montelnews.com/
Montfort Communications,montfort.london,ok,page names montfort/communications,https://montfort.london/
Monzo,monzo.com,ok,page names monzo,https://monzo.com/
Moodys,moodys.com,ok,page names moodys,https://www.moodys.com/
Morant Wright Management,morantwright.co.uk,ok,page names morant/wright,https://morantwright.co.uk/
Morgan McKinley,morganmckinley.com,ok,page names morgan/mckinley,https://www.morganmckinley.com/
Morgan Stanley,morganstanley.com,ok,page names morgan/stanley,https://www.morganstanley.com/
Morningstar,morningstar.com,ok,page names morningstar,https://www.morningstar.com/
Motor Fuel Group,motorfuelgroup.com,ok,page names motor/fuel,https://www.motorfuelgroup.com/
Motor Oil Hellas,moh.gr,ok,page names motor/oil,https://www.moh.gr/
Motor Oil Renewable Energy,moh.gr/en,ok,page names motor/oil,https://www.moh.gr/our-projects/stories-of-elpida-a-podcast-celebrating-the-gift-of-life/
Muirhall Energy,muirhallenergy.co.uk,ok,page names muirhall,https://www.muirhallenergy.co.uk/
Mulvaney Capital Management,mulvaneycapital.com,ok,page names mulvaney,https://www.mulvaneycapital.com/
Munich Re,munichre.com,ok,page names munich,https://www.munichre.com/en.html
Murex,murex.com,ok,page names murex,https://www.murex.com/en
Musim Mas,musimmas.com,ok,page names musim/mas,https://www.musimmas.com/
N-Ergie,n-ergie.de,ok,page names ergie,https://www.n-ergie.de/privatkunden/!ut/p/z1/04_Sj9CPykssy0xPLMnMz0vMAfIjo8zifT2dDQyd_A18LQycXAwCTX19nMwdQ40CzQz1wwkpiAJKG-AAjgZA_VFgJXAT_A3cjQwczd0CLUxdLYzcLUyhCtB1OgUZORkbGLj7G2FVgGJJQW6EQaanoyIA-Gmeyg!!/dz/d5/L2dBISEvZ0FBIS9nQSEh/
NEO Energy,neo-energy.com,ok,page names neo,https://neo-energy.com/
NERA,nera.com,ok,page names nera,https://www.nera.com:443/
NES Fircroft,nesfircroft.com,ok,page names nes/fircroft,https://www.nesfircroft.com/
NESO,neso.energy,ok,page names neso,https://www.neso.energy/
NGP Energy Capital,ngpenergycapital.com,ok,page names ngp,https://ngpenergy.com/
NICE Actimize,niceactimize.com,ok,page names nice/actimize,https://www.niceactimize.com
NIS Serbia,nis.eu,ok,page names nis,https://www.nis.rs/
NNPC,nnpcgroup.com,ok,page names nnpc,https://nnpcgroup.com/
NOV,nov.com,ok,page names nov,https://www.nov.com/
NYK Line,nyk.com,ok,page names nyk/line,https://www.nyk.com/
Nakilat,nakilat.com,ok,page names nakilat,https://nakilat.com/
Napier AI,napier.ai,ok,page names napier,https://www.napier.ai/
Napier Park Global Capital,napierparkglobal.com,ok,page names napier/park,https://napierparkglobal.com/
Nasdaq,nasdaq.com,ok,page names nasdaq,https://www.nasdaq.com/
Nasdaq Verafin,verafin.com,ok,page names nasdaq/verafin,https://verafin.com/
NatPower,natpower.com,ok,page names natpower,https://natpower.com/
NatWest Group,natwestgroup.com,ok,page names natwest,https://www.natwestgroup.com/
National Bank of Fujairah,nbf.ae,ok,page names national/fujairah,https://nbf.ae/
National Gas,nationalgas.com,ok,page names national/gas,https://www.nationalgas.com/
National Grid,nationalgrid.com,ok,page names national/grid,https://www.nationalgrid.com/us/ny
National Stock Exchange India,nseindia.com,ok,page names national/stock/exchange,https://www.nseindia.com/
Natural Power,naturalpower.com,ok,page names natural/power,https://www.naturalpower.com/us
Naturgy Energy Group,naturgy.es,ok,page names naturgy,https://www.naturgy.es/hogar
Navigator Gas,navigatorgas.com,ok,page names navigator/gas,https://navigatorgas.com/
Nedbank,nedbank.co.za,ok,page names nedbank,https://personal.nedbank.co.za/home.html
Neoen,neoen.com,ok,page names neoen,https://neoen.com/fr/
Neste,neste.com,ok,page names neste,https://www.neste.com/
Net4Gas,net4gas.cz,ok,page names net4gas,https://www.net4gas.cz/cz/home/
Netherland Sewell,netherlandsewell.com,ok,page names netherland/sewell,https://netherlandsewell.com/
Nethermind,nethermind.io,ok,page names nethermind,https://www.nethermind.io/
NeuConnect,neuconnect-interconnector.com,ok,page names neuconnect,https://neuconnect-interconnector.com/
Neudata,neudata.co,ok,page names neudata,https://www.neudata.co/
Neumann Kaffee Gruppe,nkg.net,ok,page names neumann/kaffee/gruppe,https://www.nkg.net/
New Fortress Energy,newfortressenergy.com,ok,page names new/fortress,https://www.newfortressenergy.com/
Newmont,newmont.com,ok,page names newmont,https://newmont.com/home/default.aspx
Next Kraftwerke,next-kraftwerke.com,ok,page names next/kraftwerke,https://www.next-kraftwerke.com
NextDecade,next-decade.com,ok,page names nextdecade,https://www.next-decade.com/
NextEnergy Capital,nextenergycapital.com,ok,page names nextenergy,https://www.nextenergycapital.com/
NextEnergy Solar Fund,nextenergysolarfund.com,ok,page names nextenergy/solar/fund,https://nextenergysolarfund.com/
Nickel Digital,nickel.digital,ok,page names nickel/digital,https://nickel.digital/
Nickel Institute,nickelinstitute.org,ok,page names nickel/institute,https://nickelinstitute.org/
Nidec ASI,nidec-industrial.com,ok,page names nidec/asi,https://www.nidec-conversion.com/
Ninety One,ninetyone.com,ok,page names ninety/one,https://ninetyone.com/en/united-states
Noble Corporation,noblecorp.com,ok,page names noble,https://noblecorp.com/
Nodal Exchange,nodalexchange.com,ok,page names nodal/exchange,https://www.nodalexchange.com/
Nomura,nomura.com,ok,page names nomura,https://www.nomura.com/
Nord Pool,nordpoolgroup.com,ok,page names nord/pool,https://www.nordpoolgroup.com/
Nordea,nordea.com,ok,page names nordea,https://www.nordea.com/en
Norden,ds-norden.com,ok,page names norden,https://ds-norden.com/
Nordic American Tankers,nat.bm,ok,page names nordic/american/tankers,https://www.nat.bm/
Nordion Energi,nordionenergi.se,ok,page names nordion/energi,https://nordionenergi.se/
Nordkinn Asset Management,nordkinnam.com,ok,page names nordkinn,https://nordkinn.se/
Nordzucker,nordzucker.com,ok,page names nordzucker,https://www.nordzucker.com/en/
Norlys,norlys.dk,ok,page names norlys,https://norlys.dk/
Nornickel,nornickel.com,ok,page names nornickel,https://nornickel.com/
Norsk Hydro,hydro.com,ok,page names norsk/hydro,https://www.hydro.com/en/en/
North Asset Management,northasset.com,ok,page names north,https://www.northasset.com/home.html
Northam Platinum,northam.co.za,ok,page names northam/platinum,https://northam.co.za/
Northern Gas Networks,northerngasnetworks.co.uk,ok,page names northern/gas/networks,https://www.northerngasnetworks.co.uk/
Northern Shipping,northernshipping.com,ok,page names northern/shipping,https://www.hugedomains.com/domain_profile.cfm?d=northernshipping.com
Northern Trust Asset Management,northerntrust.com,ok,page names northern/trust,https://www.northerntrust.com/united-states/home
Nostrum Oil and Gas,nostrumoilandgas.com,ok,page names nostrum/oil/gas,https://www.nostrumoilandgas.com/
Nouryon,nouryon.com,ok,page names nouryon,https://www.nouryon.com/
Nova Pangaea Technologies,novapangaea.com,ok,page names nova/pangaea/technologies,https://www.novapangaea.com/
Nuclear Industry Association,niauk.org,ok,page names nuclear/industry/association,https://www.niauk.org/
Nuclearelectrica,nuclearelectrica.ro,ok,page names nuclearelectrica,https://nuclearelectrica.ro/
Numerco,numerco.com,ok,page names numerco,https://numerco.com/
Numis Securities,numis.com,ok,page names numis,https://country.db.com:443/uk/dedicatedtotheuki/raisedinlondon/
Nuveen,nuveen.com,ok,page names nuveen,https://www.nuveen.com/en-us/
Nyrstar,nyrstar.com,ok,page names nyrstar,https://www.nyrstar.com
OCBC,ocbc.com,ok,page names ocbc,https://www.ocbc.com/group/gateway
OKX,okx.com,ok,page names okx,https://www.okx.com/en-us
OLT Offshore LNG Toscana,oltoffshore.it,ok,page names olt/offshore/lng,https://www.oltoffshore.it/
OMV,omv.com,ok,page names omv,https://www.omv.com/en
OMV Petrom,omvpetrom.com,ok,page names omv/petrom,https://www.omvpetrom.com/en
ONTRAS,ontras.com,ok,page names ontras,https://www.ontras.com/de
OPIS,opisnet.com,ok,page names opis,https://www.opis.com:443/
Oaktree Capital Management,oaktreecapital.com,ok,page names oaktree,https://www.oaktreecapital.com/
Oando,oandoplc.com,ok,page names oando,https://oandoplc.com/
Oberon Investments,oberoninvestments.com,ok,page names oberon,https://oberoninvestments.com/
Occidental Petroleum,oxy.com,ok,page names occidental/petroleum,https://www.oxy.com
Ocean Network Express,one-line.com,ok,page names ocean/network/express,https://www.one-line.com/en
Ocean Partners,oceanpartners.com,ok,page names ocean,https://oceanpartners.com/
Ocean Winds,oceanwinds.com,ok,page names ocean/winds,https://www.oceanwinds.com/
Oceaneering,oceaneering.com,ok,page names oceaneering,https://www.oceaneering.com/
Octa Plus,octaplus.be,ok,page names octa,https://www.octaplus.be/
Octopus Energy,octopus.energy,ok,page names octopus,https://octopus.energy/
Octopus Energy Generation,octopusenergygeneration.com,ok,page names octopus/generation,https://www.octopusenergygeneration.com/
Octopus Energy Group,,ok,no domain claimed,
Octopus Renewables Infrastructure,octopusrenewablesinfrastructure.com,ok,page names octopus/renewables/infrastructure,https://www.octopusrenewablesinfrastructure.com/
Odey Asset Management,odey.com,ok,page names odey,https://www.odey.com/
Odfjell,odfjell.com,ok,page names odfjell,https://www.odfjell.com/
Odfjell Drilling,odfjelldrilling.com,ok,page names odfjell/drilling,https://www.odfjelldrilling.com/
Odgers Berndtson,odgersberndtson.com,ok,page names odgers,https://www.odgers.com/en-gb/
Offshore Energies UK,oeuk.org.uk,ok,page names offshore/energies,https://oeuk.org.uk/
Offshore Petroleum Regulator,nstauthority.co.uk,ok,page names offshore,https://www.nstauthority.co.uk/
Ofgem,ofgem.gov.uk,ok,page names ofgem,https://www.ofgem.gov.uk/
Ohme,ohme-ev.com,ok,page names ohme,https://ohme-ev.com/
OilPrice,oilprice.com,ok,page names oilprice,https://oilprice.com/
Oilinvest,oilinvest.com,ok,page names oilinvest,https://www.oilinvest.com/
Oiltanking,oiltanking.com,ok,page names oiltanking,https://www.oiltanking.com/de/onepager.html
Okeanis Eco Tankers,okeanisecotankers.com,ok,page names okeanis/eco/tankers,https://okeanisecotankers.com/en
Olam Agri,olamagri.com,ok,page names olam/agri,https://www.olamagri.com/
Old Mission,oldmissioncapital.com,ok,page names old/mission,https://www.oldmissioncapital.com/
Oldendorff Carriers,oldendorff.com,ok,page names oldendorff/carriers,https://www.oldendorff.com/
Oldfield Partners,oldfieldpartners.com,ok,page names oldfield,https://oldfieldpartners.com/
Oliver Wyman,oliverwyman.com,ok,page names oliver/wyman,https://www.oliverwyman.com/index.html
Olleco,olleco.co.uk,ok,page names olleco,https://www.olleco.co.uk/
Oman LNG,omanlng.co.om,ok,page names oman/lng,https://omanlng.co.om/en/Pages/home.aspx
Omya,omya.com,ok,page names omya,https://www.omya.com/en
Onyx Capital Group,onyxcapitalgroup.com,ok,page names onyx,https://onyxcapitalgroup.com/
Open Grid Europe,oge.net,ok,page names open/grid/europe,https://oge.net/en
Openfield,openfield.co.uk,ok,page names openfield,https://www.openfield.co.uk/
Optimax Energy,optimax-energy.de,ok,page names optimax,https://www.optimax-energy.de/
Optiver,optiver.com,ok,page names optiver,https://www.optiver.com/
Orbis Investments,orbis.com,ok,page names orbis,https://www.orbis.com:443/us/institutional/home
Orcadian Energy,orcadian.energy,ok,page names orcadian,https://orcadian.energy/
Orion Group,orionjobs.com,ok,page names orion,https://www.orionjobs.com/
Orlen,orlen.pl,ok,page names orlen,https://www.orlen.pl/pl
Orsted,,ok,no domain claimed,
Orsted Sales and Distribution,,ok,no domain claimed,
Oslo Bors,euronext.com/en/markets/oslo,ok,page names oslo,https://www.euronext.com/en/markets/oslo
Outfox the Market,outfoxthemarket.co.uk,ok,page names outfox,https://outfox.energy/
Outokumpu,outokumpu.com,ok,page names outokumpu,https://www.outokumpu.com/
Ovo Energy,ovoenergy.com,ok,page names ovo,https://www.ovoenergy.com/
Owl Creek Asset Management,owlcreeklp.com,ok,page names owl/creek,https://www.owlcreeklp.com/
Oxera,oxera.com,ok,page names oxera,https://www.oxera.com/
Oxford Asset Management,oxam.com,ok,page names oxford,https://www.oxam.com/
Oxford Knight,oxfordknight.co.uk,ok,page names oxford/knight,https://oxfordknight.co.uk/
PAI Partners,paipartners.com,ok,page names pai,https://www.paipartners.com/
PDT Partners,pdtpartners.com,ok,page names pdt,https://pdtpartners.com/
PEAK6,peak6.com,ok,page names peak6,https://peak6.com/
PIMCO,pimco.com,ok,page names pimco,https://www.pimco.com/us/en
PJT Partners,pjtpartners.com,ok,page names pjt,https://www.pjtpartners.com/
PLEXOS,plexos.com,ok,page names plexos,https://plexos.com/
PSE Polska,pse.pl,ok,page names pse,https://www.pse.pl/home
Pacific Asset Management,pacificam.co.uk,ok,page names pacific,https://www.pacificam.co.uk/
Palliser Capital,pallisercap.com,ok,page names palliser,https://www.pallisercap.com/
Palm Harbour Capital,palmharbourcapital.com,ok,page names palm/harbour,https://palmharbourcapital.com/en/
Panmure Liberum,panmureliberum.com,ok,page names panmure/liberum,https://panmureliberum.com/
Paradigm,paradigm.co,ok,page names paradigm,https://paradigm.co/
Pareto Securities,paretosec.com,ok,page names pareto,https://paretosec.com/
Paritas Recruitment,paritasrecruitment.com,ok,page names paritas/recruitment/paritasrecruitment,https://www.paritasrecruitment.com/
Park Square Capital,parksquarecapital.com,ok,page names park/square,https://www.parksquarecapital.com/
Patch,patch.io,ok,page names patch,https://www.patch.io/
Pelham Capital,pelhamcapital.com,ok,page names pelham,https://pelhamcapital.com/
Pemberton Asset Management,pembertonam.com,ok,page names pemberton,https://pembertonam.com/
Pen Underwriting,penunderwriting.com,ok,page names pen/underwriting,https://www.penunderwriting.co.uk
Peninsula,peninsulapetroleum.com,ok,page names peninsula,https://www.peninsula360.com/
Pensions Regulator,thepensionsregulator.gov.uk,ok,page names pensions/regulator,https://www.thepensionsregulator.gov.uk/
Pepperstone,pepperstone.com,ok,page names pepperstone,https://pepperstone.com/en-au
Perdue Agribusiness,perdueagribusiness.com,ok,page names perdue/agribusiness,https://www.perdueagribusiness.com/
Perella Weinberg Partners,pwpartners.com,ok,page names perella/weinberg,https://pwpartners.com/
Permian Global,permianglobal.com,ok,page names permian,https://permianglobal.com/
Permira,permira.com,ok,page names permira,https://www.permira.com/
Pertento Partners,pertento.com,ok,page names pertento,https://www.pertento.com/
Perth Mint,perthmint.com,ok,page names perth/mint,https://www.perthmint.com/
Petrobras,petrobras.com.br,ok,page names petrobras,https://petrobras.com.br/
Petrofac,petrofac.com,ok,page names petrofac,https://www.petrofac.com/
Petroineos,petroineos.com,ok,page names petroineos,https://www.petroineos.com/
Petrol Slovenia,petrol.eu,ok,page names petrol/slovenia,https://www.petrol.eu/
Petroleum Economist,pemedianetwork.com,ok,page names petroleum/economist,https://petroleum-economist.com/
Petronas,petronas.com,ok,page names petronas,https://www.petronas.com/
Petroplan,petroplan.com,ok,page names petroplan,https://petroplan.com/
Petrus Advisers,petrusadvisers.com,ok,page names petrus,https://petrusadvisers.com/
Pfeifer and Langen,pfeifer-langen.com,ok,page names pfeifer/langen,https://www.pfeifer-langen.com/
Phaidon International,phaidoninternational.com,ok,page names phaidon,https://www.phaidoninternational.com/
Phillips 66,phillips66.com,ok,page names phillips,https://www.phillips66.com/
Phillips 66 Limited,phillips66.co.uk,ok,page names phillips,https://www.phillips66.co.uk/
Piclo,piclo.energy,ok,page names piclo,https://www.piclo.com/
Pictet Asset Management,am.pictet,ok,page names pictet,https://am.pictet.com/us/en
Plaid,plaid.com,ok,page names plaid,https://plaid.com/en-gb/
Planet Labs,planet.com,ok,page names planet/labs,https://www.planet.com:443/
Plinacro,plinacro.hr,ok,page names plinacro,https://www.plinacro.hr/
Plus500,plus500.com,ok,page names plus500,https://us.plus500.com/en/
Point72,point72.com,ok,page names point72,https://point72.com/
Polar Capital,polarcapital.co.uk,ok,page names polar,https://www.polarcapitalfunds.com/us/individual/?prev_ut_method=DEF&prev_jr_method=GEO
Portofino Technologies,portofino.tech,ok,page names portofino/technologies,https://www.portofino.tech/
Prax Group,praxgroup.com,ok,page names prax,https://www.prax.com/
Prax Petroleum,prax.com,ok,page names prax/petroleum,https://www.prax.com/
Predator Oil and Gas,predatoroilandgas.com,ok,page names predator/oil/gas,https://www.predatoroilandgas.com/
Preem,preem.com,ok,page names preem,https://www.preem.com/
Premier Miton,premiermiton.com,ok,page names premier/miton,https://www.premiermiton.com/
Preqin,preqin.com,ok,page names preqin,https://preqin.com/
Principal Asset Management,principalam.com,ok,page names principal,https://www.principalam.com/
Progressive Capital Partners,progressivecapital.com,ok,page names progressive,https://www.progressivecapital.com
Project Blue,projectblue.com,ok,page names project/blue,https://projectblue.com/
Public Power Corporation,,ok,no domain claimed,
Pulse Clean Energy,pulsecleanenergy.com,ok,page names pulse/clean,https://pulsecleanenergy.com/
Puma Energy,pumaenergy.com,ok,page names puma,https://pumaenergy.com/
Puro Earth,puro.earth,ok,page names puro/earth,https://puro.earth/
PwC,pwc.com,ok,page names pwc,https://www.pwc.com/us/en.html
Q8 Kuwait Petroleum,q8.com,ok,page names kuwait/petroleum,https://www.q8.com
Qatar Stock Exchange,qe.com.qa,ok,page names qatar/stock/exchange,https://qe.com.qa/
QatarEnergy,qatarenergy.qa,ok,page names qatarenergy,https://www.qatarenergy.qa/
Quadrature Capital,quadraturecapital.com,ok,page names quadrature,https://www.quadrature.ai/
Quandl Data,data.nasdaq.com,ok,page names data,https://data.nasdaq.com/
Quantexa,quantexa.com,ok,page names quantexa,https://www.quantexa.com/
Quantica Capital,quantica-capital.com,ok,page names quantica,https://quantica-capital.com/
Quantum Capital Group,quantumcap.com,ok,page names quantum,https://www.quantumcap.com
Quantum Commodity Intelligence,qcintel.com,ok,page names quantum/commodity/intelligence,https://www.qcintel.com/
Qube Research and Technologies,qube-rt.com,ok,page names qube/research/technologies,https://www.qube-rt.com/
Quilter,quilter.com,ok,page names quilter,https://www.quilter.com/
Quinbrook Infrastructure Partners,quinbrook.com,ok,page names quinbrook/infrastructure,https://www.quinbrook.com/
RBC BlueBay Asset Management,bluebay.com,ok,page names rbc/bluebay,https://www.rbcbluebay.com/en/institutional/
REGnosys,regnosys.com,ok,page names regnosys,https://regnosys.com/
RISC Advisory,riscadvisory.com,ok,page names risc/advisory,https://riscadvisory.com/
RJ OBrien,rjo.com,ok,page names rjo,https://www.rjo.com/
RPM Risk and Portfolio Management,rpm.se,ok,page names rpm,https://rpm.se/default.aspx?ReturnUrl=%2f
RTE France,rte-france.com,ok,page names rte,https://www.rte-france.com/
RWE Supply and Trading,rwe.com,ok,page names rwe,https://www.rwe.com/en/
Radix Trading,radix-trading.com,ok,page names radix,https://radix-trading.com/
Raiffeisen Bank International,rbinternational.com,ok,page names raiffeisen,https://www.rbinternational.com/de/home.html
Raizen,raizen.com.br,ok,page names raizen,https://www.raizen.com.br/
Ramboll,ramboll.com,ok,page names ramboll,https://www.ramboll.com/
Ramp Network,ramp.network,ok,page names ramp/network,https://rampnetwork.com/
Rand Merchant Bank,rmb.co.za,ok,page names rmb,https://rmb.co.za/
Rand Refinery,randrefinery.com,ok,page names rand/refinery,https://www.randrefinery.com/
Rapyd,rapyd.net,ok,page names rapyd,https://www.rapyd.net:443/
Rathbones,rathbones.com,ok,page names rathbones,https://www.rathbones.com/en-gb/wealth-management
Record Financial Group,recordfg.com,ok,page names record,https://recordfg.com/
Red Electrica,ree.es,ok,page names red,https://www.ree.es/es
Redington,redington.co.uk,ok,page names redington,https://www.ajg.com/uk/merger-partners/redington/
Redshaw Advisors,redshawadvisors.com,ok,page names redshaw,https://redshawadvisors.com/
Redwheel,redwheel.com,ok,page names redwheel,https://www.redwheel.com/uk/en/institutional/
Redwood Capital Management,redwoodcap.com,ok,page names redwood,https://redwoodcap.com/
Refined Sugar Association,sugarassociation.co.uk,ok,page names refined/sugar/association,https://sugarassociation.co.uk/
Regen,regen.co.uk,ok,page names regen,https://www.regen.co.uk/
Reliance Industries,ril.com,ok,page names reliance/industries,https://www.ril.com/
Renewable Connections,renewableconnections.co.uk,ok,page names renewable/connections,https://renewableconnections.co.uk/
Renewable Energy Association,r-e-a.net,ok,page names association,https://www.r-e-a.net/
Renewable Energy Systems,res-group.com,ok,page names renewable,https://www.res-group.com/
RenewableUK,renewableuk.com,ok,page names renewableuk,https://www.renewableuk.com/
Repower,repower.com,ok,page names repower,https://www.repower.com/ch
Repsol,repsol.com,ok,page names repsol,https://www.repsol.com/es/index.cshtml
Research Affiliates,researchaffiliates.com,ok,page names research/affiliates,https://www.researchaffiliates.com/home
Respira International,respira-international.com,ok,page names respira,https://www.respira-international.com/
Revolut,revolut.com,ok,page names revolut,https://www.revolut.com/
RheinEnergie,rheinenergie.com,ok,page names rheinenergie,https://www.rheinenergie.com:443/
Ricardo,ricardo.com,ok,page names ricardo,https://www.ricardo.com/
Ridley Corporation,ridley.com.au,ok,page names ridley,https://www.ridley.com.au/
Rio Tinto,riotinto.com,ok,page names rio/tinto,https://www.riotinto.com/
Ripjar,ripjar.com,ok,page names ripjar,https://ripjar.com/
Robeco,robeco.com,ok,page names robeco,https://www.robeco.com/en-int/
Rocky Mountain Institute,rmi.org,ok,page names rmi,https://rmi.org/
Rokos Capital,rokoscapital.com,ok,page names rokos,https://www.rokoscapital.com
Roland Berger,rolandberger.com,ok,page names roland/berger,https://www.rolandberger.com/en/?country=GB
Romande Energie,romande-energie.ch,ok,page names romande/energie,https://www.romande-energie.ch/
Rontec,,ok,no domain claimed,
Root-Power,root-power.com,ok,page names root/power,https://www.root-power.com/
Roskill,crugroup.com,ok,page names crugroup,https://www.crugroup.com/en/
Rosneft,rosneft.com,ok,page names rosneft,https://rosneft.com/
Rothschild and Co,rothschildandco.com,ok,page names rothschild,https://www.rothschildandco.com/en-us/
Royal London Asset Management,rlam.com,ok,page names royal,https://www.rlam.com/
Rubicon Carbon,rubiconcarbon.com,ok,page names rubicon/carbon,https://rubiconcarbon.com/
Ruffer,ruffer.co.uk,ok,page names ruffer,https://www.ruffer.co.uk/
Rullion,rullion.co.uk,ok,page names rullion,https://www.rullion.co.uk/
Russell Reynolds Associates,russellreynolds.com,ok,page names russell/reynolds/associates,https://www.russellreynolds.com/en/
Ruubarb,ruubarb.com,ok,page names ruubarb,https://ruubarb.co/password
Rystad Energy,rystadenergy.com,ok,page names rystad,https://www.rystadenergy.com/
S-Oil,s-oil.com,ok,page names oil,https://s-oil.com/
S-RM,s-rminform.com,ok,page names s/rm,https://www.s-rminform.com/
SABIC,sabic.com,ok,page names sabic,https://www.sabic.com/en
SCOR,scor.com,ok,page names scor,https://www.scor.com/en
SEB,seb.se,ok,page names seb,https://seb.se/
SEFE Marketing and Trading,sefe-mt.com,ok,page names sefe,https://www.sefe.eu/en/
SEPS Slovakia,,ok,no domain claimed,
SGN,sgn.co.uk,ok,page names sgn,https://sgn.co.uk/
SGS,sgs.com,ok,page names sgs,https://www.sgs.com/en
SIX Group,six-group.com,ok,page names six,https://www.six-group.com/en/home.html
SK Energy,skenergy.com,ok,page names energy,https://www.skenergy.com/
SK Networks,sknetworks.co.kr,ok,page names networks,https://sknetworks.co.kr/
SLB,slb.com,ok,page names slb,https://www.slb.com/
SLC Agricola,slcagricola.com.br,ok,page names slc,https://www.slcagricola.com.br
SOCAR Trading,socartrading.com,ok,page names socar,https://socartrading.com/
SONI,soni.ltd.uk,ok,page names soni,https://www.soni.ltd.uk/
SP Angel,spangel.co.uk,ok,page names angel,https://www.spangel.co.uk/
SS and C Technologies,ssctech.com,ok,page names technologies,https://www.ssctech.com/
SSAB,ssab.com,ok,page names ssab,https://www.ssab.com/en
SSE,sse.com,ok,page names sse,https://www.sse.com/
SSE Renewables,sserenewables.com,ok,page names sse/renewables,https://www.sserenewables.com/
SSY,ssyonline.com,ok,page names ssy,https://www.ssyglobal.com/
STX Group,stxgroup.com,ok,page names stx,https://stxgroup.com/
SThree,,ok,no domain claimed,
Sachem Head Capital,sachemhead.com,ok,page names sachem/head,https://www.sachemhead.com/
Sahara Energy,,ok,no domain claimed,
Saipem,saipem.com,ok,page names saipem,https://www.saipem.com/en
Salzburg AG,salzburg-ag.at,ok,page names salzburg,https://www.salzburg-ag.at/
Salzgitter,salzgitter-ag.com,ok,page names salzgitter,https://www.salzgitter-ag.com/de/
Samsung C and T Trading,samsungcnt.com,ok,page names samsung,https://samsungcnt.com/index.do
Samsung Heavy Industries,,ok,no domain claimed,
Sandbar Asset Management,sandbaram.com,ok,page names sandbar,https://sandbaram.com/
Santander UK,santander.co.uk,ok,page names santander,https://www.santander.co.uk/
Santos,santos.com,ok,page names santos,https://www.santos.com/
Saras,saras.it,ok,page names saras,https://www.saras.it/en
Sarasin and Partners,sarasinandpartners.com,ok,page names sarasin,https://sarasinandpartners.com/
Sasol,sasol.com,ok,page names sasol,https://sasol.com/
Savannah Energy,savannah-energy.com,ok,page names savannah,https://www.savannah-energy.com/
Saxo Bank,home.saxo,ok,page names saxo,https://www.home.saxo/
Saybolt,corelab.com,ok,page names corelab,https://www.corelab.com/
Schroders,schroders.com,ok,page names schroders,https://www.schroders.com/en/global/individual/
Scila,scila.se,ok,page names scila,https://scila.se/
Scorpio Tankers,scorpiotankers.com,ok,page names scorpio/tankers,https://www.scorpiotankers.com/
Scotiabank,scotiabank.com,ok,page names scotiabank,https://www.scotiabank.com/global/en/global-site.html
Scoular,scoular.com,ok,page names scoular,https://www.scoular.com/
Sculptor Capital,sculptor.com,ok,page names sculptor,https://www.sculptor.com/
Sea Intelligence,sea-intelligence.com,ok,page names sea/intelligence,https://sea-intelligence.com/
Seaboard Corporation,seaboardcorp.com,ok,page names seaboard/seaboardcorp,https://www.seaboardcorp.com/
Seadrill,seadrill.com,ok,page names seadrill,https://www.seadrill.com/
Secretariat International,secretariat-intl.com,ok,page names secretariat,https://secretariat-intl.com/
Segantii Capital Management,segantii.com,ok,page names segantii,https://www.segantii.com/
Seilern Investment Management,seilerninvest.com,ok,page names seilern,https://www.seilernfunds.com/
Selwood Asset Management,selwoodam.com,ok,page names selwood,https://www.selwoodam.com/
Senken,senken.io,ok,page names senken,https://www.senken.io
Serica Energy,serica-energy.com,ok,page names serica,https://www.serica-energy.com
Sheffield Forgemasters,sheffieldforgemasters.com,ok,page names sheffield/forgemasters,https://www.sheffieldforgemasters.com/
Sheffield Haworth,sheffieldhaworth.com,ok,page names sheffield/haworth,https://www.sheffieldhaworth.com/
Shelf Drilling,shelfdrilling.com,ok,page names shelf/drilling,https://www.shelfdrilling.com/
Shell,shell.com,ok,page names shell,https://www.shell.com/
Shore Capital,shorecap.co.uk,ok,page names shore,https://www.shorecap.co.uk/
Sia Partners,sia-partners.com,ok,page names sia,https://www.sia-partners.com/en
Sibanye Stillwater,sibanyestillwater.com,ok,page names sibanye/stillwater,https://www.sibanyestillwater.com/
Siemens Energy,siemens-energy.com,ok,page names siemens,https://www.siemens-energy.com/global/en/home.html
Siemens Gamesa,siemensgamesa.com,ok,page names siemens/gamesa,https://www.siemensgamesa.com/global/en/home.html
Sigma Ratings,sigmaratings.com,ok,page names sigma/ratings,https://www.sigma360.com/
Signal Ocean,thesignalgroup.com,ok,page names signal/ocean,https://www.thesignalgroup.com/
Silchester International,silchester.com,ok,page names silchester,https://silchester.com/
Silver Point Capital,silverpointcapital.com,ok,page names silver/point,https://www.silverpointcapital.com
SimCorp,simcorp.com,ok,page names simcorp,https://www.simcorp.com/
Simplex Trading,simplextrading.com,ok,page names simplex,https://simplextrading.com/
Simpson Spence Young Futures,ssyonline.co.uk,ok,page names simpson/spence,https://www.ssyglobal.com/
Sindicatum,sindicatum.com,ok,page names sindicatum,https://sindicatum.com/
Sing Fuels,singfuels.com,ok,page names sing/fuels,https://singfuels.com/
Singapore Exchange,sgx.com,ok,page names singapore/exchange,https://www.sgx.com
Singer Capital Markets,singercm.com,ok,page names singer,https://www.singercm.com/
Skelleftea Kraft,skekraft.se,ok,page names kraft,https://www.skekraft.se/
Sloane Robinson,sloanerobinson.com,ok,page names sloane/robinson,https://sloanerobinson.com/
Slovnaft,slovnaft.sk,ok,page names slovnaft,https://slovnaft.sk/sk/
SmartestEnergy,smartestenergy.com,ok,page names smartestenergy,https://www.smartestenergy.com/en_US
So Energy,so.energy,ok,page names energy,https://www.so.energy/
Societe Generale,societegenerale.com,ok,page names societe/generale/societegenerale,https://www.societegenerale.com/fr
Sodrugestvo,sodrugestvo.com,ok,page names sodrugestvo,https://sodrugestvo.com/
Solvay,solvay.com,ok,page names solvay,https://www.solvay.com/en/
Sompo International,sompo-intl.com,ok,page names sompo,https://www.sompo.com:443/en-us
Sonatrach,sonatrach.dz,ok,page names sonatrach,https://sonatrach.com/en/
Sonnedix,sonnedix.com,ok,page names sonnedix,https://sonnedix.com/
Sonnen,sonnen.de,ok,page names sonnen,https://www.sonnen.de/
Sorgenia,sorgenia.it,ok,page names sorgenia,https://www.sorgenia.it/
Sosteneo,sosteneo.com,ok,page names sosteneo,https://sosteneo.com/
Sound Energy,soundenergyplc.com,ok,page names sound,https://www.soundenergyplc.com/
South Hook LNG,southhooklng.com,ok,page names south/hook/lng,https://www.southhooklng.com/
South Pole,southpole.com,ok,page names south/pole,https://www.southpole.com/
Southern Copper,,ok,no domain claimed,
Space Intelligence,space-intelligence.com,ok,page names space/intelligence,https://www.space-intelligence.com/
Sparebank 1 Markets,sb1markets.no,ok,page names sb1markets,https://www.sb1markets.no/
Sparrows Capital,sparrowscapital.com,ok,page names sparrows,https://sparrowscapital.com/
Sparta Commodities,spartacommodities.com,ok,page names sparta,https://www.spartacommodities.com/
Spencer Ogden,spencer-ogden.com,ok,page names spencer/ogden,https://www.spencer-ogden.com/
Spencer Stuart,spencerstuart.com,ok,page names spencer/stuart,https://www.spencerstuart.com/
Spire Global,spire.com,ok,page names spire,https://spire.com/
Spirit Energy,spirit-energy.com,ok,page names spirit,https://www.spirit-energy.com/
Springs Capital,springs-capital.com,ok,page names springs,https://springs-capital.com/
Sproule,sproule.com,ok,page names sproule,https://sproule-erce.com/
Squarepoint Capital,squarepoint-capital.com,ok,page names squarepoint,https://squarepoint-capital.com/
St Jamess Place,sjp.co.uk,ok,page names place,https://www.sjp.co.uk/
Stadtwerke Munchen,swm.de,ok,page names stadtwerke,https://www.swm.de/
Standard Bank,standardbank.com,ok,page names standard,https://www.standardbank.com/sbg/standard-bank-group
Standard Chartered,sc.com,ok,page names standard/chartered,https://www.sc.com/
Star Bulk Carriers,starbulk.com,ok,page names star/bulk,https://www.starbulk.com/
Starboard Value,starboardvalue.com,ok,page names starboard/value,https://www.starboardvalue.com/
Starling Bank,starlingbank.com,ok,page names starling,https://www.starlingbank.com
Starr Insurance,starrcompanies.com,ok,page names starr,https://starrcompanies.com/
State Bank of India,sbi.co.in,ok,page names state/india,https://sbi.bank.in/
State Street Global Advisors,ssga.com,ok,page names state/street,https://www.ssga.com/us/en
Statkraft,statkraft.com,ok,page names statkraft,https://www.statkraft.com/
Statkraft Markets,statkraft.de,ok,page names statkraft,https://www.statkraft.de/
Statnett,statnett.no,ok,page names statnett,https://www.statnett.no/
Steag,steag.com,ok,page names steag,https://www.steag-iqony-group.com/en/
Steeleye,steel-eye.com,ok,page names steeleye,https://www.steel-eye.com/
Stem Inc,stem.com,ok,page names stem,https://www.stem.com/
Stena Recycling,stenarecycling.com,ok,page names stena/recycling,https://www.stenarecycling.com/
Stifel,stifel.com,ok,page names stifel,https://www.stifel.com/
Stolt-Nielsen,stolt-nielsen.com,ok,page names stolt/nielsen,https://www.stolt-nielsen.com
Substantive Research,substantiveresearch.com,ok,page names substantive/research,https://substantiveresearch.com/
Sucafina,sucafina.com,ok,page names sucafina,https://sucafina.com/
Sucden,sucden.com,ok,page names sucden,https://www.sucden.com/en/
Sungrow,sungrowpower.com,ok,page names sungrow,https://www.sungrowpower.com/us/en
Sunrise Capital Partners,sunrisecapital.com,ok,page names sunrise,https://www.snrzcptl.com/
Supercritical,gosupercritical.com,ok,page names supercritical,https://gosupercritical.com/
Susi Partners,susi-partners.com,ok,page names susi,https://www.susi-partners.com/en/
Susquehanna,sig.com,ok,page names susquehanna,https://sig.com/
Sussex Partners,sussexpartners.com,ok,page names sussex,https://www.sussexpartners.com/
Svelland Capital,svelland.com,ok,page names svelland,https://www.svelland.com/
Svenska kraftnat,svk.se,ok,page names svenska,https://www.svk.se/
Sweco,sweco.com,ok,page names sweco,https://sweco.com/
Swedbank,swedbank.com,ok,page names swedbank,https://www.swedbank.com/
Swiss Re,swissre.com,ok,page names swiss,https://www.swissre.com/
Swissgrid,swissgrid.ch,ok,page names swissgrid,https://www.swissgrid.ch/en/home.html
Sylvera,sylvera.com,ok,page names sylvera,https://www.sylvera.com/
Symmetry Investments,symmetryinvestments.com,ok,page names symmetry,https://symmetryinvestments.com/
Symphony Communication,symphony.com,ok,page names symphony/communication,https://symphony.com/
Synthomer,synthomer.com,ok,page names synthomer,https://www.synthomer.com/
Systematica Investments,systematica.com,ok,page names systematica,https://systematica.com/
Systemiq,systemiq.earth,ok,page names systemiq,https://www.systemiq.earth/
T Rowe Price,troweprice.com,ok,page names rowe/price,https://www.troweprice.com/en/us
TC Energy,tcenergy.com,ok,page names energy,https://www.tcenergy.com/
TCI Fund Management,tcifund.com,ok,page names tci,https://www.tcifund.com/
TD Securities,tdsecurities.com,ok,page names securities,https://www.tdsecurities.com/ca/en
TMX Group,tmx.com,ok,page names tmx,https://tmx.com/
TORM,torm.com,ok,page names torm,https://torm.com/home/default.aspx
TP ICAP,tpicap.com,ok,page names icap,https://tpicap.com/tpicap/
TPG,tpg.com,ok,page names tpg,https://www.tpg.com/
TRM Labs,trmlabs.com,ok,page names trm/labs,https://www.trmlabs.com/
Tailwater Capital,tailwatercapital.com,ok,page names tailwater,https://tailwatercapital.com/
Talos,talos.com,ok,page names talos,https://www.talos.com/
Tamesis Partners,tamesispartners.com,ok,page names tamesis,https://www.tamesispartners.com/
Tamoil,tamoil.com,ok,page names tamoil,https://www.tamoil.com/
Tata Steel Europe,tatasteeleurope.com,ok,page names tata/steel,https://www.tatasteelnederland.com/en
Taula Capital,taulacapital.com,ok,page names taula,https://taulacapital.com/
Tauron,tauron.pl,ok,page names tauron,https://www.tauron.pl/dla-domu
Taylor Hopkinson,taylorhopkinson.com,ok,page names taylor/hopkinson,https://www.taylorhopkinson.com/
Teck Resources,teck.com,ok,page names teck,https://www.teck.com/
Teekay,teekay.com,ok,page names teekay,https://www.teekay.com/
Tegus,tegus.com,ok,page names tegus,https://tegus.com/
Teleios Capital Partners,teleioscapital.com,ok,page names teleios,https://www.teleioscapital.com
Tellworth Investments,tellworthinvestments.com,ok,page names tellworth,https://www.premiermiton.com/tellworth-funds/
Teneo,teneo.com,ok,page names teneo,http://www.teneo.com
Terega,terega.fr,ok,page names terega,https://www.terega.fr/
Tereos,tereos.com,ok,page names tereos,https://tereos.com/fr/
Terra Global Capital,terraglobalcapital.com,ok,page names terra,https://www.terraglobalcapital.com/
Teza Technologies,teza.com,ok,page names teza/technologies,https://www.teza.com/
The Renewables Infrastructure Group,trig-ltd.com,ok,page names renewables/infrastructure,https://www.trig-ltd.com/
Theleme Partners,thelemepartners.com,ok,page names theleme,https://thelemepartners.com/
Third Bridge,thirdbridge.com,ok,page names third/bridge,https://www.thirdbridge.com/en-us
Third Point,thirdpoint.com,ok,page names third/point,https://www.thirdpoint.com/
Thought Machine,thoughtmachine.net,ok,page names thought/machine,https://www.thoughtmachine.net/
Thrive Renewables,thriverenewables.co.uk,ok,page names thrive/renewables,https://www.thriverenewables.co.uk/
Thuga,thuega.de,ok,page names thuga,https://www.thuega.de/
Tiberius Group,tiberiusgroup.com,ok,page names tiberius,https://tiberiusgroup.com/
Tibra Capital,tibra.com,ok,page names tibra,https://www.tibra.com/
Tickmill,tickmill.com,ok,page names tickmill,https://www.tickmill.com
Tidewater Marine,tdw.com,ok,page names tidewater/marine,https://www.tdw.com/
Tidewater Shipbrokers,tidewater.co.uk,ok,page names tidewater,https://tidewater.co.uk/
Tikehau Capital,tikehaucapital.com,ok,page names tikehau,https://www.tikehaucapital.com/
Tiko Energy,tiko.energy,ok,page names tiko,https://tiko.ch/
Timera Energy,timera-energy.com,ok,page names timera,https://timera-energy.com/
Toepfer Transport,toepfer-transport.com,ok,page names toepfer/transport,https://toepfer-transport.com/
Torvald Klaveness,klaveness.com,ok,page names torvald/klaveness,https://www.klaveness.com/
Toscafund,toscafund.com,ok,page names toscafund,https://www.toscafund.com/
Total Gas and Power,totalenergies.uk,ok,page names total/gas,https://totalenergies.co.uk/
Total Trading Asia,totalenergies.sg,ok,page names total/asia,https://totalenergies.sg/
TotalEnergies,totalenergies.com,ok,page names totalenergies,https://totalenergies.com/
Touchstone Exploration,touchstoneexploration.com,ok,page names touchstone/exploration,https://www.touchstoneexploration.com/
Touton,touton.com,ok,page names touton,https://touton.com/
Tower Research Capital,tower-research.com,ok,page names tower/research,https://tower-research.com/
Tower Resources,towerresources.co.uk,ok,page names tower,https://www.towerresources.co.uk/
Tractebel,tractebel-engie.com,ok,page names tractebel,https://tractebel-engie.com/
Trade and Development Bank,tdbgroup.org,ok,page names trade/development,https://www.tdbgroup.org/
TradeWinds,tradewindsnews.com,ok,page names tradewinds,https://www.tradewindsnews.com/?zephr_sso_ott=8jefjB
Tradebot Systems,tradebot.com,ok,page names tradebot/systems,https://www.tradebot.com/
Tradeweb,tradeweb.com,ok,page names tradeweb,https://www.tradeweb.com/
Trading Technologies,tradingtechnologies.com,ok,page names technologies,https://tradingtechnologies.com/
Tradition,tradition.com,ok,page names tradition,https://tradition.com/
Trafigura,trafigura.com,ok,page names trafigura,https://www.trafigura.com/
Trammo,trammo.com,ok,page names trammo,https://www.trammo.com/
Transamine,transamine.com,ok,page names transamine,https://transamine.com/
Transelectrica,transelectrica.ro,ok,page names transelectrica,https://transelectrica.ro/
Transgaz,transgaz.ro,ok,page names transgaz,https://transgaz.ro/
Transmarket Group,transmarketgroup.com,ok,page names transmarket,https://www.transmarketgroup.com/
TransnetBW,transnetbw.de,ok,page names transnetbw,https://www.transnetbw.de/de
Transocean,deepwater.com,ok,page names transocean,https://deepwater.com/
Transtrend,transtrend.com,ok,page names transtrend,https://www.transtrend.com/en/
Traxys,traxys.com,ok,page names traxys,https://www.traxys.com/
Trayport,trayport.com,ok,page names trayport,https://trayport.com/
Treeconomy,treeconomy.co,ok,page names treeconomy,https://www.treeconomy.co/
Trian Partners,trianpartners.com,ok,page names trian,https://trianpartners.com/
Trianel,trianel.com,ok,page names trianel,https://www.trianel.com/
Tricon Energy,triconenergy.com,ok,page names tricon,https://www.triconenergy.com/
Trinseo,trinseo.com,ok,page names trinseo,https://www.trinseo.com/
Triodos Bank,triodos.co.uk,ok,page names triodos,https://www.triodos.co.uk/
Troy Asset Management,taml.co.uk,ok,page names troy,https://www.taml.co.uk/
TrueLayer,truelayer.com,ok,page names truelayer,https://truelayer.com/
Tsakos Energy Navigation,tenn.gr,ok,page names tsakos/navigation,https://www.tenn.gr/
Tudor Investment,tudor.com,ok,page names tudor,https://www.tudor.com/
Turku Energia,turkuenergia.fi,ok,page names turku/energia,https://www.turkuenergia.fi/
Turner Pope,turnerpope.com,ok,page names turner/pope,https://www.turnerpope.com/
Two Sigma,twosigma.com,ok,page names two/sigma,https://www.twosigma.com/
Tyrus Capital,tyruscapital.com,ok,page names tyrus,https://www.tyruscap.com/
UK Petroleum Industry Association,ukpia.com,ok,page names industry,https://fuelsindustryuk.org
US Solar Fund,ussolarfund.co.uk,ok,page names solar/fund,https://www.ussolarfund.co.uk/
Umicore,umicore.com,ok,page names umicore,https://www.umicore.com/en/
UniCredit,unicredit.eu,ok,page names unicredit,https://www.unicreditgroup.eu/en.html
Unigestion,unigestion.com,ok,page names unigestion,https://unigestion.com/
Union Jack Oil,unionjackoil.com,ok,page names union/jack/oil,https://unionjackoil.com/
United Bank for Africa,ubagroup.com,ok,page names africa,https://www.ubagroup.com/
Uphold,uphold.com,ok,page names uphold,https://uphold.com/en-us
Upstream Online,upstreamonline.com,ok,page names upstream/online,https://www.upstreamonline.com/?zephr_sso_ott=k5Duf9
Ursa Space Systems,ursaspace.com,ok,page names ursa/space/systems,https://ursaspace.com/
Utilita,utilita.co.uk,ok,page names utilita,https://utilita.co.uk/
VPI,vpi-i.com,ok,page names vpi,https://vpi.energy/
VPS Veritas Petroleum,v-p-s.com,ok,page names vps,https://v-p-s.com/
VSA Capital,vsacapital.com,ok,page names vsa,https://www.vsacapital.com/
Vale,vale.com,ok,page names vale,https://vale.com/
Valero,valero.com,ok,page names valero,https://www.valero.com/
Valero UK,valero.co.uk,ok,page names valero,https://www.valero.com/UK
Valeura Energy,valeuraenergy.com,ok,page names valeura,https://www.valeuraenergy.com/
Valkyrie Trading,valkyrietrading.com,ok,page names valkyrie,https://www.valkyrietrading.com/
Valour,valour.com,ok,page names valour,https://www.valour.com/en
ValueAct Capital,valueact.com,ok,page names valueact,https://valueact.com/
Van Lanschot Kempen,vanlanschotkempen.com,ok,page names van/lanschot/kempen,https://www.vanlanschotkempen.com/en-nl
Vanda Insight,vandainsights.com,ok,page names vanda/insight,https://vandainsights.com/
Vantage Drilling,vantagedrilling.com,ok,page names vantage/drilling,https://vantagedrilling.com/
Var Energi,varenergi.no,ok,page names energi,https://varenergi.no/
Vatic Investments,vaticlabs.com,ok,page names vatic,https://www.vaticlabs.ai/
Vattenfall,vattenfall.com,ok,page names vattenfall,https://group.vattenfall.com
Vattenfall Energy Trading,vattenfall.de,ok,page names vattenfall,https://www.vattenfall.de/
Vattenfall Nordic,vattenfall.se,ok,page names vattenfall,https://www.vattenfall.se/
Vedanta Resources,vedantaresources.com,ok,page names vedanta,https://vedantaresources.com/
Velocys,velocys.com,ok,page names velocys,https://velocys.com/
Venture Global,venturegloballng.com,ok,page names venture,https://ventureglobal.com
Verbio,verbio.de,ok,page names verbio,https://www.verbio.de/
Verbund,verbund.com,ok,page names verbund,https://www.verbund.com/en
Verbund Trading,verbund.at,ok,page names verbund,https://www.verbund.com/de/privat
Verisk,verisk.com,ok,page names verisk,https://www.verisk.com/en-gb
Veritas Asset Management,vamllp.com,ok,page names veritas,https://www.vamllp.com/
Verition,verition.com,ok,page names verition,https://www.verition.com/
Verra,verra.org,ok,page names verra,https://verra.org/
Vertex Energy,vertexenergy.com,ok,page names vertex,https://vertexenergy.com/
Vertis Environmental Finance,vertis.com,ok,page names vertis/environmental,https://vertis.com/
Veson Nautical,veson.com,ok,page names veson/nautical,https://veson.com/
VesselsValue,vesselsvalue.com,ok,page names vesselsvalue,https://www.vesselsvalue.com/
Vestas,vestas.com,ok,page names vestas,https://www.vestas.com/en
Veyt,veyt.com,ok,page names veyt,https://veyt.com/
Vicentin,vicentin.com.ar,ok,page names vicentin,https://vicentin.com.ar/
Vinmar International,vinmar.com,ok,page names vinmar,https://www.vinmar.com/
Viridor,viridor.co.uk,ok,page names viridor,https://viridor.co.uk/
Virtu ITG,virtu.com,ok,page names virtu,https://www.virtu.com/
Viterra,viterra.com,ok,page names viterra,https://www.viterra.com/
Vitol,vitol.com,ok,page names vitol,https://www.vitol.com/
Vitruvian Partners,vitruvianpartners.com,ok,page names vitruvian,https://www.vitruvianpartners.com/
Viva Energy,vivaenergy.com.au,ok,page names viva,https://www.vivaenergy.com.au/
Vivid Economics,vivideconomics.com,ok,page names vivid/economics,https://vivideconomics.com/
Vivienne Court,viviennecourt.com,ok,page names vivienne/court,https://viviennecourt.com/
Vivo Energy,vivoenergy.com,ok,page names vivo,https://www.vivoenergy.com/en
Voestalpine,voestalpine.com,ok,page names voestalpine,https://www.voestalpine.com/group/en/
Volant Trading,volanttrading.com,ok,page names volant,https://volanttrading.com/
Volcafe,volcafe.com,ok,page names volcafe,https://www.volcafe.com/
Volcafe Specialty,volcafespecialty.com,ok,page names volcafe/specialty,https://www.volcafe.com/network/volcafe-north-america
Voleon Group,voleon.com,ok,page names voleon,https://voleon.com/
Voltus,voltus.co,ok,page names voltus,https://www.voltus.co/
Volue,volue.com,ok,page names volue,https://www.volue.com/
Vopak,vopak.com,ok,page names vopak,https://www.vopak.com/
Vortexa,vortexa.com,ok,page names vortexa,https://www.vortexa.com/
Voya Investment Management,voyainvestments.com,ok,page names voya,https://investments.voya.com/
WH Ireland,whirelandplc.com,ok,page names ireland,https://www.whirelandplc.com/
WH Trading,whtrading.com,ok,page names trading,https://whtrading.com/
Wales and West Utilities,wwutilities.co.uk,ok,page names wales/west/utilities,https://www.wwutilities.co.uk/
Walleye Capital,walleyecapital.com,ok,page names walleye,https://walleyecapital.com/
Warburg Pincus,warburgpincus.com,ok,page names warburg/pincus,https://warburgpincus.com/
Warsaw Stock Exchange,gpw.pl,ok,page names gpw,https://www.gpw.pl/
Wartsila Energy Storage,wartsila.com,ok,page names wartsila,https://www.wartsila.com/
Watson Fuels,watsonfuels.co.uk,ok,page names watson/fuels,https://watsonfuels.co.uk/
Watt-Logic,watt-logic.com,ok,page names watt/logic,https://watt-logic.com/
Wave Digital Assets,wavedigitalassets.com,ok,page names wave/digital/assets,https://wavegp.com/
Weatherbys Private Bank,weatherbys.bank,ok,page names weatherbys/private,https://www.weatherbys.bank/
Weber Shipbroking,crweber.com,ok,page names weber,https://crweber.com/
Welligence,welligence.com,ok,page names welligence,https://welligence.com/
Wellington Management,wellington.com,ok,page names wellington,https://www.wellington.com/en
Welton Investment Partners,welton.com,ok,page names welton,https://www.welton.com/
Westbeck Capital,westbeckcapital.com,ok,page names westbeck,https://westbeckcapital.com/
Western Asset Management,westernasset.com,ok,page names western,https://www.westernasset.com/us/en/
Western Bulk,westernbulk.com,ok,page names western/bulk,https://www.westernbulk.com/
Westpac,westpac.com.au,ok,page names westpac,https://www.westpac.com.au/
Westwood Global Energy,westwoodenergy.com,ok,page names westwood,https://www.westwoodenergy.com/
Wheaton Precious Metals,wheatonpm.com,ok,page names wheaton/precious/metals,https://wheatonpm.com/overview/default.aspx
Whitebox Advisors,whiteboxadvisors.com,ok,page names whitebox,https://whiteboxadvisors.com/
Whitney Partners,whitneypartners.com,ok,page names whitney,https://www.whitneypartners.com/
Wien Energie,wienenergie.at,ok,page names wien/energie,https://www.wienenergie.at/
Wilder Carbon,,ok,no domain claimed,
Wildlife Works,wildlifeworks.com,ok,page names wildlife/works,https://www.wildlifeworks.com/
Williams Companies,williams.com,ok,page names williams/companies,https://www.williams.com/
Willowbridge Associates,willowbridge.com,ok,page names willowbridge/associates,https://willowbridge.com/
Wincent,wincent.co,ok,page names wincent,https://www.wincent.com
Windel Energy,windelenergy.co.uk,ok,page names windel,https://www.windelenergy.co.uk/
Windward,windward.ai,ok,page names windward,https://windward.ai/
Wintermute,wintermute.com,ok,page names wintermute,https://www.wintermute.com/
Wintershall Dea,wintershalldea.com,ok,page names wintershall/dea,https://wintershalldea.de/en
Winton,winton.com,ok,page names winton,https://www.winton.com/
Wise,wise.com,ok,page names wise,https://wise.com/
With Intelligence,withintelligence.com,ok,page names intelligence,https://www.withintelligence.com/
Wogen Resources,wogen.com,ok,page names wogen,https://www.wogen.com/
Wood Mackenzie,woodmac.com,ok,page names wood/mackenzie,https://www.woodmac.com/
Wood Thilsted,woodthilsted.com,ok,page names wood/thilsted,https://woodthilsted.com/
Woodside Energy,woodside.com,ok,page names woodside,https://www.woodside.com/
World Fuel Services,wfscorp.com,ok,page names world/fuel,https://www.world-kinect.com/world-fuel
World Kinect,world-kinect.com,ok,page names world/kinect,https://www.world-kinect.com/
World Steel Association,worldsteel.org,ok,page names world/steel/association,https://worldsteel.org/
Worley,worley.com,ok,page names worley,https://www.worley.com/
XPS Pensions,xpsgroup.com,ok,page names xps/pensions,https://www.xpsgroup.com/
XR Trading,xrtrading.com,ok,page names trading,https://xrtrading.com/
XTB,xtb.com,ok,page names xtb,https://www.xtb.com/en
XTX Markets,xtxmarkets.com,ok,page names xtx,https://www.xtxmarkets.com/
Xclusiv Shipbrokers,xclusiv.gr,ok,page names xclusiv/shipbrokers,https://xclusiv.gr/
Xeneta,xeneta.com,ok,page names xeneta,https://www.xeneta.com/
Xlinks,xlinks.co,ok,page names xlinks,https://xlinks.co/
Xodus Group,xodusgroup.com,ok,page names xodus,https://www.xodusgroup.com/
Xpansiv,xpansiv.com,ok,page names xpansiv,https://www.xpansiv.com/
YPF,ypf.com,ok,page names ypf,https://ypf.com/
YouGov,yougov.co.uk,ok,page names yougov,https://yougov.com/en-gb/
Yu Energy,yuenergy.co.uk,ok,page names energy/yuenergy,https://www.yuenergy.co.uk/
Z Energy,z.co.nz,ok,page names energy,https://www.z.co.nz:443/
Zadig Asset Management,zadigam.com,ok,page names zadig,https://www.zadigfunds.com/
Zapmap,zap-map.com,ok,page names zapmap,https://www.zapmap.com
Zebedee Capital Partners,zebedeecapital.com,ok,page names zebedee,https://www.zebedeecapital.com/
Zenith Bank,,ok,no domain claimed,
Zenith Energy,zenithenergy.com,ok,page names zenith,https://zenithenergy.com/
Zennor Asset Management,zennorassetmanagement.com,ok,page names zennor,https://zennorassetmanagement.com/
Zenobe,zenobe.com,ok,page names zenobe,https://www.zenobe.com/
Zephyr Energy,zephyrplc.com,ok,page names zephyr,https://www.zephyrplc.com/
Zero Emissions Traders Alliance,zeta-alliance.org,ok,page names alliance,https://zeta-alliance.org/
Zeromission,zeromission.se,ok,page names zeromission,https://zeromission.se/en/
Zeus Capital,zeuscapital.co.uk,ok,page names zeus,https://zeuscapital.co.uk/
Zodia Markets,zodia-markets.com,ok,page names zodia,https://zodiamarkets.com/
Zurich Insurance,zurich.com,ok,page names zurich/insurance,https://www.zurich.com/
b-next,b-next.com,ok,page names next,https://www.b-next.com/
bfinance,bfinance.com,ok,page names bfinance,https://www.bfinance.com/
eVestment,evestment.com,ok,page names evestment,https://www.nasdaq.com/solutions/evestment
ofi,ofi.com,ok,page names ofi,https://www.ofi.com/en-us
Advanced Infrastructure,advancedinfrastructure.io,thin,"reachable, page says little",https://advancedinfrastructure.io/
Aegean Bunkering,aegeanbunkering.com,thin,"reachable, page says little",https://aegeanbunkering.com/
Amber Infrastructure Group,amberinfra.com,thin,"reachable, page says little",https://amberinfra.com/
Aurelius Capital,aureliuscapital.com,thin,"reachable, page says little",https://aureliuscapital.com/
B3 Brasil Bolsa,b3.com.br,thin,"reachable, page says little",https://b3.com.br/
Baker Hughes,bakerhughes.com,thin,"reachable, page says little",https://www.bakerhughes.com/
Balance Power,balancepower.co.uk,thin,"reachable, page says little",https://balancepower.co.uk/
Baltic Exchange,balticexchange.com,thin,"reachable, page says little",https://www.balticexchange.com/
Bapco Trading,bapcotrading.com,thin,"reachable, page says little",https://bapcotrading.com/
Baron Oil,baronoil.com,thin,"reachable, page says little",https://baronoil.com/
Bazan Group,bazan.co.il,thin,"reachable, page says little",https://www.bazan.co.il/
Bitstamp,bitstamp.net,thin,"reachable, page says little",https://www.bitstamp.net/
Blenheim Underwriting,blenheimunderwriting.com,thin,"reachable, page says little",https://blenheimunderwriting.com/
Brandywine Global,brandywineglobal.com,thin,"reachable, page says little",https://www.brandywineglobal.com/
Bulb Energy,bulb.co.uk,thin,"reachable, page says little",https://bulb.co.uk/
Carbon Growth Partners,carbongrowthpartners.com,thin,"reachable, page says little",https://carbongrowthpartners.com/
Cboe Clear Europe,cboeclear.com,thin,"reachable, page says little",https://cboeclear.com/
Chilton Investment Company,chiltoninvestment.com,thin,"reachable, page says little",https://chiltoninvestment.com/
Cockett Marine Oil,cockettgroup.com,thin,"reachable, page says little",https://cockettgroup.com/
Cornhill Capital,cornhillcapital.com,thin,"reachable, page says little",https://cornhillcapital.com/
EG Group,eg-group.com,thin,"reachable, page says little",https://eg-group.com/
Emerald Energy,emeraldenergy.com,thin,"reachable, page says little",https://emeraldenergy.com/
Engineers Gate,engineersgate.com,thin,"reachable, page says little",https://engineersgate.com/
Falcon X Europe,falconx.co.uk,thin,"reachable, page says little",https://falconx.co.uk/
Form3,form3.tech,thin,"reachable, page says little",https://form3.tech/
Freepoint Eco-Systems,freepointeco.com,thin,"reachable, page says little",https://freepointeco.com/
GP Global,gp-global.com,thin,"reachable, page says little",https://gp-global.com/
Genchart,genchart.com,thin,"reachable, page says little",https://genchart.com/
Geneva Trading,gtrading.com,thin,"reachable, page says little",https://gtrading.com/
Gerald Group,geraldgroup.com,thin,"reachable, page says little",https://geraldgroup.com/
Himalaya Shipping,himalayashipping.com,thin,"reachable, page says little",https://himalayashipping.com/
Irenic Capital,ireniccapital.com,thin,"reachable, page says little",https://ireniccapital.com/
KBC Group,kbc.com,thin,"reachable, page says little",https://www.kbc.com/en.html
Kayrros Energy,kayrros.co.uk,thin,"reachable, page says little",https://kayrros.co.uk/en-gb
LX International,lxinternational.com,thin,"reachable, page says little",https://lxinternational.com/
Lancashire Holdings,lancashiregroup.com,thin,"reachable, page says little",https://www.lancashiregroup.com/
Landsnet,landsnet.is,thin,"reachable, page says little",https://landsnet.is/
Marble Bar Asset Management,mbam.com,thin,"reachable, page says little",https://mbam.com/
Marks Sattin,markssattin.co.uk,thin,"reachable, page says little",https://markssattin.co.uk/
Millennium Energy,millenniumenergy.com,thin,"reachable, page says little",https://millenniumenergy.com/
Mitsui and Co Europe,mitsui.eu,thin,"reachable, page says little",https://mitsui.eu/en-gb
Neas Energy,neas.com,thin,"reachable, page says little",https://neas.com/
Nexus Underwriting,nexusunderwriting.com,thin,"reachable, page says little",https://www.nexusunderwriting.com/
Nico Trading,nicotrading.com,thin,"reachable, page says little",https://nicotrading.com/
Performance Shipping,performanceshipping.com,thin,"reachable, page says little",https://performanceshipping.com/
Petraco Oil,petraco.com,thin,"reachable, page says little",https://petraco.com/
Posco International,poscointl.com,thin,"reachable, page says little",https://www.poscointl.com/
Qatar National Bank,qnb.com,thin,"reachable, page says little",https://qnb.com/
Red Deer,reddeer.io,thin,"reachable, page says little",https://reddeer.io/
Refinitiv Eikon,eikon.refinitiv.com,thin,"reachable, page says little",https://eikon.refinitiv.com/
Ridgewind,ridgewind.com,thin,"reachable, page says little",https://ridgewind.com/
Ripple Energy,rippleenergy.com,thin,"reachable, page says little",https://rippleenergy.com/
Sea-Change Green Link,seachange.energy,thin,"reachable, page says little",https://seachange.energy/
Seascope Shipbroking,seascope.co.uk,thin,"reachable, page says little",https://seascope.co.uk/
Sims Metal,simsmetalmanagement.com,thin,"reachable, page says little",https://simsmetalmanagement.com/
Sona Asset Management,sonaam.com,thin,"reachable, page says little",https://sonaam.com/
Subsea 7,subsea7.com,thin,"reachable, page says little",https://www.subsea7.com/
Sucden Financial Metals,sucfin.com,thin,"reachable, page says little",https://sucfin.com/
Tagenergy,tagenergy.com,thin,"reachable, page says little",https://tagenergy.com/
Tiwag,tiwag.at,thin,"reachable, page says little",https://www.tiwag.at/
Tomato Energy,tomato.energy,thin,"reachable, page says little",https://www.tomato.energy:443/
Vantage RE,vantagere.com,thin,"reachable, page says little",https://vantagere.com/
Wacker Chemie,wacker.com,thin,"reachable, page says little",https://www.wacker.com/
Zen-Noh Grain,zengrain.com,thin,"reachable, page says little",https://zengrain.com/
ABG Sundal Collier,abgsc.com,unreachable,no response,
AOT Trading,aot.trading,unreachable,no response,
Abraham Trading Company,abrahamtrading.com,unreachable,no response,
Acciona Energia,acciona-energia.com,unreachable,no response,
Adelphi Capital,adelphicapital.com,unreachable,no response,
Advanced Shipping and Trading,advancedshipping.gr,unreachable,no response,
Afry Sweden,afry.se,unreachable,no response,
Agritrade International,agritrade.com.sg,unreachable,no response,
Al Ghurair Resources,alghurairresources.com,unreachable,no response,
Alight,alightenergy.com,unreachable,no response,
Alken Asset Management,alkenam.com,unreachable,no response,
Allianz Global Investors,allianzgi.com,unreachable,no response,
Allston Trading,allstontrading.com,unreachable,no response,
Alpha Marine Fuels,alphamarinefuels.com,unreachable,no response,
Alpiq Trading,alpiq.co.uk,unreachable,no response,
Alvarez and Marsal,alvarezandmarsal.com,unreachable,no response,
Amati Global Investors,amatiglobal.com,unreachable,no response,
Amber Capital,ambercapital.com,unreachable,no response,
Ancoa,ancoa.com,unreachable,no response,
Antofagasta,antofagasta.co.uk,unreachable,no response,
Apatura,apatura.com,unreachable,no response,
Apollo Underwriting,apolloakg.com,unreachable,no response,
Ardian,ardian.com,unreachable,no response,
Argor-Heraeus,argor.com,unreachable,no response,
Arrow Shipbroking,arrowshipbroking.com,unreachable,no response,
Ashmore Group,ashmoregroup.com,unreachable,no response,
Association for Decentralised Energy,theade.co.uk,unreachable,no response,
Astaris Capital Management,astariscapital.com,unreachable,no response,
Astute Technical Recruitment,astutetechnical.co.uk,unreachable,no response,
Atrato Onsite Energy,atratoonsiteenergy.com,unreachable,no response,
Augusta Energy,augustaenergy.com,unreachable,no response,
Aurubis UK,aurubis.co.uk,unreachable,no response,
Avance Gas,avancegas.com,unreachable,no response,
Avenue Capital Group,avenuecapital.com,unreachable,no response,
Awilco LNG,awilcolng.com,unreachable,no response,
Axpo UK,axpo.co.uk,unreachable,no response,
BRS Shipbrokers,brsbrokers.com,unreachable,no response,
Baird and Co,goldline.co.uk,unreachable,no response,
Banchero Costa,bancosta.com,unreachable,no response,
Bank of China,boc.cn,unreachable,no response,
Baringa Australia,baringa.com.au,unreachable,no response,
Baronsmead,gresham.house,unreachable,no response,
Bartlett and Company,bartlettandcompany.com,unreachable,no response,
Beach Point Capital,beachpointcapital.com,unreachable,no response,
Beat Capital Partners,beatcapitalpartners.com,unreachable,no response,
Bitfinex Securities,bitfinexsecurities.com,unreachable,no response,
Bitstamp Europe,bitstamp.co.uk,unreachable,no response,
Blue Ocean Bunkering,blueoceanbunkering.com,unreachable,no response,
Bluefin Trading,bluefintrading.com,unreachable,no response,
Bluewater Energy,bluewater-partners.com,unreachable,no response,
Bodenholm Capital,bodenholm.com,unreachable,no response,
Bomin,bomin.com,unreachable,no response,
Boussard and Gavaudan,bgam-fr.com,unreachable,no response,
Braemar Technical Services,braemartechnical.com,unreachable,no response,
Braskem,braskem.com.br,unreachable,no response,
Bridgewater Europe,bridgewater-europe.com,unreachable,no response,
Bybrook Capital,bybrookcapital.com,unreachable,no response,
CEZ Trading,cez.com,unreachable,no response,
CICC,cicc.com,unreachable,no response,
CITIC Securities,citics.com,unreachable,no response,
CNOOC,cnoocltd.com,unreachable,no response,
CNOOC Trading,cnoocinternational.com,unreachable,no response,
Capital Gas,capitalgascorp.com,unreachable,no response,
Carbon Limiting Technologies,ctlimited.co.uk,unreachable,no response,
Carrhae Capital,carrhaecapital.com,unreachable,no response,
Castleton Commodities Trading,cci.co.uk,unreachable,no response,
Celanese,celanese.com,unreachable,no response,
Chelverton Equity Partners,chelvertonequity.com,unreachable,no response,
Chemoil Adani,chemoiladani.com,unreachable,http 404,
Chimbusco,chimbusco.com.cn,unreachable,no response,
China Construction Bank,ccb.com,unreachable,no response,
Chinaoil Hong Kong,chinaoilhk.com,unreachable,no response,
Chiyoda,chiyodacorp.com,unreachable,no response,
Clariant Sunliquid,clariant.co.uk,unreachable,no response,
Coast Capital,coastcapital.com,unreachable,no response,
Cockett Group Asia,cockettgroup.sg,unreachable,no response,
Cofco Agri,cofcoagri.com,unreachable,no response,
Coinbase Institutional,coinbase.co.uk,unreachable,no response,
Coltrane Asset Management,coltraneam.com,unreachable,no response,
Commodity Appointments,commodityappointments.com,unreachable,no response,
Concord Energy,concord-energy.com,unreachable,no response,
Consolidated Marine Management,cmm.gr,unreachable,no response,
Consolidated Trading,consolidatedtrading.com,unreachable,no response,
Constantine Energy Storage,constantine-energy.com,unreachable,no response,
Control Risks,controlrisks.com,unreachable,no response,
Coopman Search,coopmansearch.com,unreachable,no response,
Coral Energy,coralenergy.ae,unreachable,no response,
Coriolis Energy,coriolisenergy.com,unreachable,no response,
Corvex Management,corvexcap.com,unreachable,no response,
Cosmo Oil,cosmo-oil.co.jp,unreachable,no response,
Credit Agricole CIB,ca-cib.com,unreachable,no response,
Creos,creos-net.lu,unreachable,http 404,
DTCC,dtcc.com,unreachable,no response,
DTCC Report Hub,dtcc.com/repository-otc-data,unreachable,no response,
Da Vinci Derivatives,davinciderivatives.com,unreachable,no response,
Daewoo Shipbuilding,hanwhaocean.com,unreachable,no response,
Daiwa Capital Markets,daiwacm.com,unreachable,no response,
Dalian Commodity Exchange,dce.com.cn,unreachable,no response,
Derichebourg,derichebourg.com,unreachable,no response,
Diameter Capital Partners,diameterpartners.com,unreachable,no response,
Discovery Capital Management,discoverycapital.com,unreachable,no response,
Downing Renewables,downingrenewables.com,unreachable,no response,
Downing Strategic,downingstrategic.com,unreachable,no response,
Drewry Maritime,drewry.co.uk,unreachable,no response,
Dymon Asia Capital,dymonasia.com,unreachable,no response,
Dynagas,dynagaspartners.com,unreachable,no response,
EDF Trading,edftrading.com,unreachable,no response,
Eagle Point Credit,eaglepointcreditmanagement.com,unreachable,no response,
Eastport Maritime,eastportmaritime.com,unreachable,no response,
Ecomar Energy Solutions,ecomarenergy.com,unreachable,no response,
Econergy,econergy.com,unreachable,no response,
Ecora Resources,ecoraresources.com,unreachable,no response,
Edmond de Rothschild,edmond-de-rothschild.com,unreachable,no response,
Egg Energy,eggenergy.co.uk,unreachable,no response,
Eisler Capital,eislercapital.com,unreachable,no response,
Electricity Settlements Company,lowcarboncontracts.uk/esc,unreachable,http 404,
Elgin Energy,elgin.energy,unreachable,no response,
Endeavour Mining,endeavourmining.com,unreachable,no response,
Enel Romania,enel.ro,unreachable,no response,
Energy Aspects Research,energyaspects.co.uk,unreachable,no response,
Energy Charter Secretariat,energycharter.org,unreachable,no response,
EnergyQuote JHA,energyquotejha.com,unreachable,no response,
Engelhart Commodities,engelhartct.com,unreachable,no response,
Entrix,entrix.com,unreachable,no response,
Epic Gas,epic-gas.com,unreachable,no response,
Euromoney,euromoney.com,unreachable,no response,
Evergreen Marine,evergreen-marine.com,unreachable,no response,
Export Trading Group,etgworld.co.uk,unreachable,no response,
FIS,fisglobal.com,unreachable,no response,
Falck Renewables,falckrenewables.com,unreachable,http 410,
Fir Tree Partners,firtreepartners.com,unreachable,no response,
First Sentier Investors,firstsentierinvestors.com,unreachable,no response,
Fiske,fiskeplc.com,unreachable,no response,
Foresight Solar Fund,foresightsolarfund.com,unreachable,no response,
Formosa Petrochemical,fpcc.com.tw,unreachable,no response,
Fortum,fortum.com,unreachable,no response,
Fortum Trading,fortum.fi,unreachable,no response,
Fram Search,framsearch.co.uk,unreachable,no response,
Fresnillo,fresnilloplc.com,unreachable,no response,
Frontier Economics,frontier-economics.com,unreachable,no response,
Frontier Road,frontierroad.com,unreachable,no response,
Fuji Oil,fujioilholdings.com,unreachable,no response,
Futex,futex.co.uk,unreachable,no response,
GQR,gqrgm.com,unreachable,no response,
Garda Capital Partners,gardacap.com,unreachable,no response,
Gaspoint Nordic,gaspointnordic.com,unreachable,no response,
Gate Terminal,gate.nl,unreachable,no response,
Gazprom Marketing and Trading,gazprom-mt.com,unreachable,no response,
Gemserv,gemserv.com,unreachable,no response,
Gerald Metals,geraldmetals.com,unreachable,no response,
Glander International Bunkering,glander-international.com,unreachable,no response,
Gleadell,gleadell.co.uk,unreachable,no response,
Glen Point Capital,glenpointcapital.com,unreachable,no response,
Glencore Energy UK,glencore.co.jp,unreachable,no response,
Global Infrastructure Partners,global-infra.com,unreachable,no response,
Gold Fields,goldfields.com,unreachable,no response,
Golden Destiny,goldendestiny.gr,unreachable,no response,
Golden Ocean,goldenocean.bm,unreachable,no response,
Graticule Asset Management,graticuleam.com,unreachable,no response,
Greencoat Capital,greencoat-capital.com,unreachable,no response,
Greenergy Fuels,greenergy.co.uk,unreachable,no response,
Gresham House Energy Storage,greshamhouse.com/energy-storage,unreachable,http 404,
Guan Chong,guanchongcocoa.com,unreachable,no response,
HMM,hmm21.com,unreachable,no response,
Hanwa,hanwa.co.jp,unreachable,no response,
Hanwa Europe,hanwa.eu,unreachable,no response,
Hapag-Lloyd,hapag-lloyd.com,unreachable,no response,
Hard Eight Trading,hardeight.com,unreachable,no response,
Harmony Energy Income Trust,harmonyenergyincometrust.com,unreachable,no response,
Hartland Shipping,hartlandshipping.com,unreachable,no response,
Hartree Partners Europe,hartree.com,unreachable,no response,
Hartshead Resources,hartshead.com.au,unreachable,no response,
Harvest Energy,harvestenergy.co.uk,unreachable,no response,
Hidden Road Partners,hiddenroad.co.uk,unreachable,no response,
Hidroelectrica,hidroelectrica.ro,unreachable,no response,
Highbridge Capital Management,highbridge.com,unreachable,no response,
Hoegh LNG,hoeghlng.com,unreachable,no response,
Holding Slovenske Elektrarne,hse.si,unreachable,no response,
Hong Kong Exchanges,hkex.com.hk,unreachable,no response,
Horseman Capital Management,horsemancapital.com,unreachable,http 522,
Hyundai Engineering,hec.co.kr,unreachable,no response,
Hyundai Heavy Industries,hd.hhi.co.kr,unreachable,no response,
ICBC,icbc.com.cn,unreachable,no response,
IFA Interconnexion,ifa-interconnector.com,unreachable,no response,
IG Group,iggroup.com,unreachable,no response,
IGas Energy,igasplc.com,unreachable,no response,
IXM,ixm.com,unreachable,no response,
Idemitsu Trading,idemitsu.co.uk,unreachable,no response,
Imperial Petroleum,imperialpetroleums.com,unreachable,no response,
In Commodities Denmark,incommodities.dk,unreachable,no response,
Indus Capital Partners,induscapital.com,unreachable,no response,
Innova Renewables,innovarenewables.co.uk,unreachable,no response,
Integr8 Fuels Asia,integr8fuels.sg,unreachable,no response,
Inter Terminals,interterminals.com,unreachable,no response,
Interconnector UK,interconnector.com,unreachable,no response,
Island Green Power,islandgreenpower.com,unreachable,no response,
Itochu,itochu.co.jp,unreachable,no response,
Iwatani,iwatani.co.jp,unreachable,no response,
JERA Global Markets,jeragm.com,unreachable,no response,
JGC Holdings,jgc.com,unreachable,no response,
Japan Exchange Group,jpx.co.jp,unreachable,no response,
KPI OceanConnect Denmark,kpioceanconnect.dk,unreachable,no response,
Kanematsu,kanematsu.co.jp,unreachable,no response,
Kawasaki Kisen,kline.co.jp,unreachable,no response,
Kershner Trading,kershnertrading.com,unreachable,no response,
Kinross Gold,kinross.com,unreachable,no response,
Kuvari Partners,kuvaripartners.com,unreachable,no response,
LCP Enact,enact.lcp.com,unreachable,http 404,
LQM Petroleum Services,lqm.com,unreachable,no response,
Lansing Trade Group,lansingtrade.com,unreachable,no response,
Legal and General Investment Management,lgim.com,unreachable,no response,
Levin,levin.co.uk,unreachable,no response,
Liquid Capital,liquidcapital.com,unreachable,no response,
Lloyds of London,lloyds.com,unreachable,no response,
M and G Investments,mandg.com,unreachable,no response,
MS Amlin,msamlin.com,unreachable,no response,
MUFG,mufg.jp,unreachable,no response,
Makuria Investment Management,makuria.com,unreachable,no response,
Man Group,man.com,unreachable,no response,
Marubeni,marubeni.com,unreachable,no response,
McKinsey and Company,mckinsey.com,unreachable,no response,
Melchior Asset Management,melchiorasset.com,unreachable,no response,
Menhaden Resource Efficiency,menhaden.com,unreachable,no response,
Mercuria,mercuria.com,unreachable,no response,
Meridiam,meridiam.com,unreachable,no response,
Minerva Bunkering Europe,minervabunkering.eu,unreachable,no response,
Mirabella Financial Services,mirabellafinancial.com,unreachable,no response,
Mitsubishi Chemical,mcgc.com,unreachable,no response,
Mitsubishi Corporation,mitsubishicorp.com,unreachable,no response,
Mitsui OSK Lines,mol.co.jp,unreachable,no response,
Mitsui and Co,mitsui.com,unreachable,no response,
Molecular Energies,molecularenergies.com,unreachable,no response,
Monjasa UK,monjasa.co.uk,unreachable,no response,
Moore Capital,moorecap.com,unreachable,no response,
Multi Marine Services,multimarine.gr,unreachable,no response,
Muntajat,muntajat.com,unreachable,no response,
Mytilineos,mytilineos.gr,unreachable,no response,
NSI Bunkers,nsibunkers.com,unreachable,no response,
Nasdaq Clearing,nasdaqomx.com,unreachable,no response,
Natixis,natixis.com,unreachable,no response,
Naturgy,naturgy.com,unreachable,no response,
Naya Capital,nayacapital.com,unreachable,no response,
Nedcoffee,nedcoffee.com,unreachable,no response,
Nemo Link,nemolink.co.uk,unreachable,no response,
Neptune Energy,neptuneenergy.com,unreachable,no response,
Nexa Resources,nexaresources.com,unreachable,no response,
Nigeria LNG,nlng.com,unreachable,no response,
Nippon Steel Trading,nst.nipponsteel.com,unreachable,no response,
Noble Resources,thisisnoble.com,unreachable,no response,
Nokomis Capital,nokomiscapital.com,unreachable,no response,
North Sea Link,northsealink.com,unreachable,no response,
Northlander Commodity Advisors,northlandercommodity.com,unreachable,no response,
Novum Securities,novumsecurities.com,unreachable,no response,
Numeric Investors,numeric.com,unreachable,no response,
OMIE,omie.es,unreachable,no response,
ONGC,ongcindia.com,unreachable,no response,
OSTC,ostc.com,unreachable,no response,
Oceanic Fuels,oceanicfuels.com,unreachable,no response,
Ofgem E-Serve,ofgem.gov.uk/e-serve,unreachable,http 404,
Olam Food Ingredients,ofi.com.sg,unreachable,no response,
Optima Shipping,optimashipping.gr,unreachable,no response,
Orlen Energia,orlen.com,unreachable,no response,
Ospraie Management,ospraiemgmt.com,unreachable,no response,
PDVSA,pdvsa.com,unreachable,no response,
PEGAS,powernext.com,unreachable,no response,
PGE Polska Grupa,gkpge.pl,unreachable,no response,
PTT,pttplc.com,unreachable,no response,
PVM Oil Associates,pvmoil.com,unreachable,no response,
Pacific Basin,pacificbasin.com,unreachable,no response,
Pacific Green,pacificgreen.tv,unreachable,no response,
Parametric Portfolio,parametricportfolio.com,unreachable,no response,
Payment Systems Regulator,psr.org.uk,unreachable,no response,
Peninsula Middle East,peninsulapetroleum.ae,unreachable,no response,
Penso Power,pensopower.com,unreachable,no response,
Perenco,perenco.com,unreachable,no response,
Perenia Group,perenia.com,unreachable,no response,
Petro Matad,petromatad.com,unreachable,no response,
PetroChina,petrochina.com.cn,unreachable,no response,
PetroChina International London,petrochinaintl.com,unreachable,no response,
Petrofac Engineering,petrofac.com/engineering,unreachable,http 404,
Petrogress,petrogres.com,unreachable,no response,
Petronas LNG,petronaslng.com,unreachable,no response,
Pharo Management,pharomanagement.com,unreachable,no response,
Pinnacle Renewable Energy,pinnaclepellet.com,unreachable,no response,
Pivot Power,pivot-power.co.uk,unreachable,no response,
Portsea Asset Management,portseaam.com,unreachable,no response,
Powerscourt,powerscourt-group.com,unreachable,no response,
Prana Capital,pranacapital.com,unreachable,no response,
Premier Miton Global Renewables,pmgr.co.uk,unreachable,no response,
Prime Oil and Gas,primeoil.gr,unreachable,no response,
Private Equity Recruitment,per-london.com,unreachable,no response,
Proco Commodities,procogroup.com,unreachable,no response,
Prosperity Capital Management,prosperitycapital.com,unreachable,no response,
Prudential Regulation Authority,bankofengland.co.uk,unreachable,no response,
Puma Energy UK,pumaenergy.co.uk,unreachable,no response,
Pöyry Energy,poyry.com,unreachable,http 404,
Quantlab,quantlab.com,unreachable,no response,
RBC Capital Markets,rbccm.com,unreachable,no response,
RELX,relx.com,unreachable,no response,
RSA Insurance,rsagroup.com,unreachable,no response,
Reabold Resources,reaboldresources.co.uk,unreachable,no response,
Rebel Energy,rebelenergy.com,unreachable,no response,
Rebellion Energy,rebellion.energy,unreachable,no response,
Red Kite Capital,redkitecm.com,unreachable,no response,
Reliance Global Energy,ril.co.uk,unreachable,no response,
Return Energy,returnenergy.co.uk,unreachable,no response,
Ricardo Energy and Environment,ricardo.com/ee,unreachable,no response,
Risk.net,risk.net,unreachable,http 404,
River Global,riverglobal.co.uk,unreachable,no response,
Riverlake,riverlake.com,unreachable,no response,
Riverstone Holdings,riverstonellc.com,unreachable,no response,
Rockwood Strategic,rockwoodstrategic.com,unreachable,no response,
Ronin Capital,ronincapitalllc.com,unreachable,no response,
Rubis Terminal,rubis-terminal.com,unreachable,no response,
SDCL Energy Efficiency,sdclee.com,unreachable,no response,
SMBC,smbcgroup.com,unreachable,no response,
SOCAR,socar.az,unreachable,no response,
SWIFT,swift.com,unreachable,no response,
Sagil Capital,sagilcapital.com,unreachable,no response,
Sahara Group,sahara-group.com,unreachable,no response,
Sandaire,sandaire.com,unreachable,no response,
Sanlam Investments,sanlam.co.uk,unreachable,http 404,
Saras Trading,sarasenergia.com,unreachable,no response,
Sarasin Alpha,sarasinalpha.com,unreachable,no response,
Schneider Trading,schneidertrading.com,unreachable,no response,
Schonfeld,schonfeld.com,unreachable,no response,
Sea Oil,seaoil.com,unreachable,no response,
Sea Trade Holdings,seatradeholdings.com,unreachable,no response,
Sembcorp Marine,seatriumltd.com,unreachable,no response,
Sentieo,sentieo.com,unreachable,no response,
Shanghai Futures Exchange,shfe.com.cn,unreachable,no response,
Sinochem International,sinochemintl.com,unreachable,no response,
Sinopec Fuel Oil,sinopecfuel.com,unreachable,no response,
Sinopec Trading,sinopec.com,unreachable,no response,
Snam,snam.it,unreachable,no response,
Sojitz,sojitz.com,unreachable,no response,
Sojitz Europe,sojitz-europe.com,unreachable,no response,
Solaris Commodities,solaris-commodities.com,unreachable,http 404,
Solventis,solventis.co.uk,unreachable,no response,
Spot Trading,spottradingllc.com,unreachable,no response,
Star Asia Shipbroking,starasiashipbroking.com,unreachable,no response,
Star Energy,starenergy.co.uk,unreachable,no response,
Star Refinery,socarturkey.com.tr,unreachable,no response,
Steadview Capital,steadviewcapital.com,unreachable,no response,
Stewart Investors,stewartinvestors.com,unreachable,no response,
Stratton Street Capital,strattonstreet.com,unreachable,no response,
Sucden Coffee,sucden.co.uk,unreachable,no response,
Sumitomo Corporation,sumitomocorp.com,unreachable,no response,
Sumitomo Corporation Europe,sumitomocorp.eu,unreachable,no response,
Sybenetix,sybenetix.com,unreachable,no response,
TIAA,tiaa.org,unreachable,no response,
TT International,ttint.com,unreachable,no response,
Tadawul,saudiexchange.sa,unreachable,no response,
TechnipFMC,technipfmc.com,unreachable,no response,
Terna,terna.it,unreachable,no response,
Thyssenkrupp Materials,thyssenkrupp-materials.com,unreachable,no response,
Timera Energy Advisory,timera-energy.co.uk,unreachable,no response,
Tokio Marine Kiln,tokiomarinekiln.com,unreachable,no response,
Toyota Tsusho,toyota-tsusho.com,unreachable,no response,
Toyota Tsusho Europe,toyotatsusho.eu,unreachable,no response,
Trading Technologies International,tradingtechnologies.co.uk,unreachable,no response,
Trading Technologies Surveillance,tradingtechnologies.com/surveillance,unreachable,http 404,
Trafigura Metals,trafigura.co.uk,unreachable,http 404,
Trailstone,trailstonegroup.com,unreachable,no response,
Traxys Europe,traxys.eu,unreachable,no response,
Tresidor Investment Management,tresidorim.com,unreachable,no response,
Trident Alliance,tridentalliance.org,unreachable,no response,
Trina Storage,trinasolar.com,unreachable,http 404,
Trinity Exploration,trinityexploration.com,unreachable,no response,
Trium Capital,triumcapital.com,unreachable,no response,
Tysers,tysers.com,unreachable,no response,
UK Infrastructure Bank,ukib.org.uk,unreachable,no response,
UnaVista,unavista.londonstockexchange.com,unreachable,http 522,
Uni Marine and Energy,unimarine.gr,unreachable,no response,
Unipec,sinopecgroup.com,unreachable,no response,
Unipec Asia,unipec.com,unreachable,no response,
Uniper Energy Trading,uniper.de,unreachable,no response,
VH Global Energy Infrastructure,vhgei.com,unreachable,no response,
Valaris,valaris.com,unreachable,no response,
Valcambi,valcambi.com,unreachable,no response,
Vantage Capital Markets,vantagecm.com,unreachable,no response,
Varo Energy,varoenergy.com,unreachable,no response,
Vermont Bunkering,vermontuk.com,unreachable,no response,
Verrazzano Capital,verrazzanocapital.com,unreachable,no response,
Vertex Bioenergy,vertexbioenergy.com,unreachable,no response,
Victory Fuels,victoryfuels.com,unreachable,no response,
Viking Link,viking-link.com,unreachable,no response,
Viswa Group,viswalab.com,unreachable,no response,
Vitol Group Services,vitol.co.uk,unreachable,no response,
Voltalia,voltalia.com,unreachable,no response,
Vortexa Analytics,vortexa.co.uk,unreachable,no response,
Wan Hai Lines,wanhai.com,unreachable,no response,
Waverton Wealth,wavertonwealth.com,unreachable,no response,
Wentworth Resources,wentworthresources.com,unreachable,no response,
Wilmar International,wilmar-international.com,unreachable,no response,
Wolverine Trading,wolve.com,unreachable,no response,
Yang Ming,yangming.com,unreachable,no response,
Zestec,zestec.co.uk,unreachable,no response,
Zhengzhou Commodity Exchange,czce.com.cn,unreachable,no response,
Zhenhua Oil,zhenhuaoil.com,unreachable,no response,
abrdn,abrdn.com,unreachable,no response,
